"wwloc","date","labname","location","event.type","n","sarscov2.conc.ww"
"EGB",2020-09-28,"NML","Edmonton","clinical.cases",57,0.0101273148148148
"EGB",2020-09-28,"NML","Edmonton Zone","hosp.adm",3,0.0101273148148148
"EGB",2020-10-05,"NML","Edmonton","clinical.cases",108,0.0147887323943662
"EGB",2020-10-05,"NML","Edmonton Zone","hosp.adm",4,0.0147887323943662
"EGB",2020-10-12,"NML","Edmonton","clinical.cases",100,0.00802752293577982
"EGB",2020-10-12,"NML","Edmonton Zone","hosp.adm",4,0.00802752293577982
"EGB",2020-10-18,"NML","Edmonton","clinical.cases",179,8.4114684714801
"EGB",2020-10-18,"NML","Edmonton Zone","hosp.adm",5,8.4114684714801
"EGB",2020-10-25,"NML","Edmonton","clinical.cases",231,13.3963174213852
"EGB",2020-10-25,"NML","Edmonton Zone","hosp.adm",4,13.3963174213852
"EGB",2020-10-29,"NML","Edmonton","clinical.cases",171,68.2270683362925
"EGB",2020-10-29,"NML","Edmonton Zone","hosp.adm",7,68.2270683362925
"EGB",2020-11-01,"NML","Edmonton","clinical.cases",238,54.9030559972428
"EGB",2020-11-01,"NML","Edmonton Zone","hosp.adm",9,54.9030559972428
"EGB",2020-11-05,"NML","Edmonton","clinical.cases",252,60.699111391561
"EGB",2020-11-05,"NML","Edmonton Zone","hosp.adm",8,60.699111391561
"EGB",2020-11-08,"NML","Edmonton","clinical.cases",236,162.345245006574
"EGB",2020-11-08,"NML","Edmonton Zone","hosp.adm",9,162.345245006574
"EGB",2020-11-12,"NML","Edmonton","clinical.cases",333,96.3740149641745
"EGB",2020-11-12,"NML","Edmonton Zone","hosp.adm",11,96.3740149641745
"EGB",2020-11-15,"NML","Edmonton","clinical.cases",288,63.8401336427254
"EGB",2020-11-15,"NML","Edmonton Zone","hosp.adm",12,63.8401336427254
"EGB",2020-11-19,"NML","Edmonton","clinical.cases",414,47.4737139915862
"EGB",2020-11-19,"NML","Edmonton Zone","hosp.adm",15,47.4737139915862
"EGB",2020-11-22,"NML","Edmonton","clinical.cases",650,43.8718455085217
"EGB",2020-11-22,"NML","Edmonton Zone","hosp.adm",15,43.8718455085217
"EGB",2020-11-26,"NML","Edmonton","clinical.cases",550,195.020261686535
"EGB",2020-11-26,"NML","Edmonton Zone","hosp.adm",20,195.020261686535
"EGB",2020-11-29,"NML","Edmonton","clinical.cases",518,333.460957951698
"EGB",2020-11-29,"NML","Edmonton Zone","hosp.adm",25,333.460957951698
"EGB",2020-12-01,"NML","Edmonton","clinical.cases",679,NA
"EGB",2020-12-01,"NML","Edmonton Zone","hosp.adm",28,NA
"EGB",2020-12-03,"NML","Edmonton","clinical.cases",673,NA
"EGB",2020-12-03,"NML","Edmonton Zone","hosp.adm",30,NA
"EGB",2020-12-06,"NML","Edmonton","clinical.cases",704,218.31080135771
"EGB",2020-12-06,"NML","Edmonton Zone","hosp.adm",34,218.31080135771
"EGB",2020-12-08,"NML","Edmonton","clinical.cases",625,352.001641861663
"EGB",2020-12-08,"NML","Edmonton Zone","hosp.adm",35,352.001641861663
"EGB",2020-12-10,"NML","Edmonton","clinical.cases",785,343.721280753745
"EGB",2020-12-10,"NML","Edmonton Zone","hosp.adm",37,343.721280753745
"EGB",2020-12-13,"NML","Edmonton","clinical.cases",863,321.189641513219
"EGB",2020-12-13,"NML","Edmonton Zone","hosp.adm",35,321.189641513219
"EGB",2020-12-15,"NML","Edmonton","clinical.cases",484,132.96276517637
"EGB",2020-12-15,"NML","Edmonton Zone","hosp.adm",33,132.96276517637
"EGB",2020-12-17,"NML","Edmonton","clinical.cases",570,327.029625005476
"EGB",2020-12-17,"NML","Edmonton Zone","hosp.adm",33,327.029625005476
"EGB",2020-12-20,"NML","Edmonton","clinical.cases",444,166.734347899424
"EGB",2020-12-20,"NML","Edmonton Zone","hosp.adm",35,166.734347899424
"EGB",2020-12-21,"NML","Edmonton","clinical.cases",409,168.215108410649
"EGB",2020-12-21,"NML","Edmonton Zone","hosp.adm",36,168.215108410649
"EGB",2020-12-22,"NML","Edmonton","clinical.cases",558,NA
"EGB",2020-12-22,"NML","Edmonton Zone","hosp.adm",38,NA
"EGB",2020-12-28,"NML","Edmonton","clinical.cases",291,143.444724486973
"EGB",2020-12-28,"NML","Edmonton Zone","hosp.adm",33,143.444724486973
"EGB",2020-12-29,"NML","Edmonton","clinical.cases",591,309.388948212126
"EGB",2020-12-29,"NML","Edmonton Zone","hosp.adm",32,309.388948212126
"EGB",2020-12-30,"NML","Edmonton","clinical.cases",462,217.120763268767
"EGB",2020-12-30,"NML","Edmonton Zone","hosp.adm",32,217.120763268767
"EGB",2021-01-05,"NML","Edmonton","clinical.cases",361,NA
"EGB",2021-01-05,"NML","Edmonton Zone","hosp.adm",24,NA
"EGB",2021-01-06,"NML","Edmonton","clinical.cases",273,NA
"EGB",2021-01-06,"NML","Edmonton Zone","hosp.adm",21,NA
"EGB",2021-01-10,"NML","Edmonton","clinical.cases",166,NA
"EGB",2021-01-10,"NML","Edmonton Zone","hosp.adm",21,NA
"EGB",2021-01-12,"NML","Edmonton","clinical.cases",241,64.3995061064621
"EGB",2021-01-12,"NML","Edmonton Zone","hosp.adm",20,64.3995061064621
"EGB",2021-01-14,"NML","Edmonton","clinical.cases",234,22.4100853298377
"EGB",2021-01-14,"NML","Edmonton Zone","hosp.adm",19,22.4100853298377
"EGB",2021-01-17,"NML","Edmonton","clinical.cases",155,10.8803994321066
"EGB",2021-01-17,"NML","Edmonton Zone","hosp.adm",16,10.8803994321066
"EGB",2021-01-19,"NML","Edmonton","clinical.cases",200,37.860798673067
"EGB",2021-01-19,"NML","Edmonton Zone","hosp.adm",14,37.860798673067
"EGB",2021-01-21,"NML","Edmonton","clinical.cases",154,13.7555165058988
"EGB",2021-01-21,"NML","Edmonton Zone","hosp.adm",14,13.7555165058988
"EGB",2021-01-24,"NML","Edmonton","clinical.cases",106,23.031501537941
"EGB",2021-01-24,"NML","Edmonton Zone","hosp.adm",10,23.031501537941
"EGB",2021-01-26,"NML","Edmonton","clinical.cases",112,42.2116312016156
"EGB",2021-01-26,"NML","Edmonton Zone","hosp.adm",8,42.2116312016156
"EGB",2021-01-28,"NML","Edmonton","clinical.cases",126,85.5107099362031
"EGB",2021-01-28,"NML","Edmonton Zone","hosp.adm",8,85.5107099362031
"EGB",2021-01-31,"NML","Edmonton","clinical.cases",95,43.9275867632414
"EGB",2021-01-31,"NML","Edmonton Zone","hosp.adm",7,43.9275867632414
"EGB",2021-02-02,"NML","Edmonton","clinical.cases",101,39.6726241139076
"EGB",2021-02-02,"NML","Edmonton Zone","hosp.adm",6,39.6726241139076
"EGB",2021-02-04,"NML","Edmonton","clinical.cases",72,26.9105313123884
"EGB",2021-02-04,"NML","Edmonton Zone","hosp.adm",5,26.9105313123884
"EGB",2021-02-07,"NML","Edmonton","clinical.cases",68,59.3293515312827
"EGB",2021-02-07,"NML","Edmonton Zone","hosp.adm",4,59.3293515312827
"EGB",2021-02-09,"NML","Edmonton","clinical.cases",80,98.5612836281596
"EGB",2021-02-09,"NML","Edmonton Zone","hosp.adm",3,98.5612836281596
"EGB",2021-02-11,"NML","Edmonton","clinical.cases",45,33.6918673581287
"EGB",2021-02-11,"NML","Edmonton Zone","hosp.adm",3,33.6918673581287
"EGB",2021-02-14,"NML","Edmonton","clinical.cases",38,61.1530187536265
"EGB",2021-02-14,"NML","Edmonton Zone","hosp.adm",4,61.1530187536265
"EGB",2021-02-16,"NML","Edmonton","clinical.cases",68,56.4447988748907
"EGB",2021-02-16,"NML","Edmonton Zone","hosp.adm",4,56.4447988748907
"EGB",2021-02-18,"NML","Edmonton","clinical.cases",64,55.1748674546781
"EGB",2021-02-18,"NML","Edmonton Zone","hosp.adm",4,55.1748674546781
"EGB",2021-02-22,"NML","Edmonton","clinical.cases",41,NA
"EGB",2021-02-22,"NML","Edmonton Zone","hosp.adm",4,NA
"EGB",2021-02-23,"NML","Edmonton","clinical.cases",75,NA
"EGB",2021-02-23,"NML","Edmonton Zone","hosp.adm",4,NA
"EGB",2021-02-25,"NML","Edmonton","clinical.cases",77,NA
"EGB",2021-02-25,"NML","Edmonton Zone","hosp.adm",2,NA
"EGB",2021-02-28,"NML","Edmonton","clinical.cases",67,NA
"EGB",2021-02-28,"NML","Edmonton Zone","hosp.adm",3,NA
"EGB",2021-03-02,"NML","Edmonton","clinical.cases",85,66.1284180857999
"EGB",2021-03-02,"NML","Edmonton Zone","hosp.adm",4,66.1284180857999
"EGB",2021-03-04,"NML","Edmonton","clinical.cases",86,56.3523306832897
"EGB",2021-03-04,"NML","Edmonton Zone","hosp.adm",4,56.3523306832897
"EGB",2021-03-07,"NML","Edmonton","clinical.cases",52,26.8339861871082
"EGB",2021-03-07,"NML","Edmonton Zone","hosp.adm",5,26.8339861871082
"EGB",2021-03-09,"NML","Edmonton","clinical.cases",69,57.2649531292208
"EGB",2021-03-09,"NML","Edmonton Zone","hosp.adm",5,57.2649531292208
"EGB",2021-03-11,"NML","Edmonton","clinical.cases",88,35.5036829314658
"EGB",2021-03-11,"NML","Edmonton Zone","hosp.adm",7,35.5036829314658
"EGB",2021-03-14,"NML","Edmonton","clinical.cases",68,41.1610273793147
"EGB",2021-03-14,"NML","Edmonton Zone","hosp.adm",6,41.1610273793147
"EGB",2021-03-16,"NML","Edmonton","clinical.cases",105,NA
"EGB",2021-03-16,"NML","Edmonton Zone","hosp.adm",7,NA
"EGB",2021-03-18,"NML","Edmonton","clinical.cases",146,NA
"EGB",2021-03-18,"NML","Edmonton Zone","hosp.adm",4,NA
"EGB",2021-03-21,"NML","Edmonton","clinical.cases",81,NA
"EGB",2021-03-21,"NML","Edmonton Zone","hosp.adm",4,NA
"EGB",2021-03-23,"NML","Edmonton","clinical.cases",141,140.873789058145
"EGB",2021-03-23,"NML","Edmonton Zone","hosp.adm",5,140.873789058145
"EGB",2021-03-25,"NML","Edmonton","clinical.cases",116,85.6146493478827
"EGB",2021-03-25,"NML","Edmonton Zone","hosp.adm",6,85.6146493478827
"EGB",2021-03-28,"NML","Edmonton","clinical.cases",82,105.864826334834
"EGB",2021-03-28,"NML","Edmonton Zone","hosp.adm",6,105.864826334834
"EGB",2021-03-29,"NML","Edmonton","clinical.cases",111,NA
"EGB",2021-03-29,"NML","Edmonton Zone","hosp.adm",7,NA
"EGB",2021-04-04,"NML","Edmonton","clinical.cases",153,144.987832523874
"EGB",2021-04-04,"NML","Edmonton Zone","hosp.adm",8,144.987832523874
"EGB",2021-04-08,"NML","Edmonton","clinical.cases",311,232.098007764094
"EGB",2021-04-08,"NML","Edmonton Zone","hosp.adm",9,232.098007764094
"EGB",2021-04-11,"NML","Edmonton","clinical.cases",211,115.923759582569
"EGB",2021-04-11,"NML","Edmonton Zone","hosp.adm",12,115.923759582569
"EGB",2021-04-15,"NML","Edmonton","clinical.cases",345,392.35093746888
"EGB",2021-04-15,"NML","Edmonton Zone","hosp.adm",13,392.35093746888
"EGB",2021-04-18,"NML","Edmonton","clinical.cases",253,199.250054559024
"EGB",2021-04-18,"NML","Edmonton Zone","hosp.adm",12,199.250054559024
"EGB",2021-04-22,"NML","Edmonton","clinical.cases",398,285.075158284359
"EGB",2021-04-22,"NML","Edmonton Zone","hosp.adm",16,285.075158284359
"EGB",2021-04-25,"NML","Edmonton","clinical.cases",348,183.401247393828
"EGB",2021-04-25,"NML","Edmonton Zone","hosp.adm",19,183.401247393828
"EGB",2021-04-29,"NML","Edmonton","clinical.cases",369,562.064375536562
"EGB",2021-04-29,"NML","Edmonton Zone","hosp.adm",19,562.064375536562
"EGB",2021-05-02,"NML","Edmonton","clinical.cases",245,195.247137031094
"EGB",2021-05-02,"NML","Edmonton Zone","hosp.adm",18,195.247137031094
"EGB",2021-05-06,"NML","Edmonton","clinical.cases",379,139.252107875611
"EGB",2021-05-06,"NML","Edmonton Zone","hosp.adm",14,139.252107875611
"EGB",2021-05-09,"NML","Edmonton","clinical.cases",304,222.974380266587
"EGB",2021-05-09,"NML","Edmonton Zone","hosp.adm",14,222.974380266587
"EGB",2021-05-12,"NML","Edmonton","clinical.cases",303,NA
"EGB",2021-05-12,"NML","Edmonton Zone","hosp.adm",16,NA
"EGB",2021-05-16,"NML","Edmonton","clinical.cases",165,91.9375058751594
"EGB",2021-05-16,"NML","Edmonton Zone","hosp.adm",13,91.9375058751594
"EGB",2021-05-20,"NML","Edmonton","clinical.cases",159,144.575822067755
"EGB",2021-05-20,"NML","Edmonton Zone","hosp.adm",14,144.575822067755
"EGB",2021-05-23,"NML","Edmonton","clinical.cases",91,69.3130662712501
"EGB",2021-05-23,"NML","Edmonton Zone","hosp.adm",14,69.3130662712501
"EGB",2021-05-27,"NML","Edmonton","clinical.cases",115,42.6869629794578
"EGB",2021-05-27,"NML","Edmonton Zone","hosp.adm",9,42.6869629794578
"EGB",2021-05-30,"NML","Edmonton","clinical.cases",69,43.5276683221336
"EGB",2021-05-30,"NML","Edmonton Zone","hosp.adm",8,43.5276683221336
"EGB",2021-06-03,"NML","Edmonton","clinical.cases",57,NA
"EGB",2021-06-03,"NML","Edmonton Zone","hosp.adm",6,NA
"EGB",2021-06-06,"NML","Edmonton","clinical.cases",44,NA
"EGB",2021-06-06,"NML","Edmonton Zone","hosp.adm",5,NA
"EGB",2021-06-10,"NML","Edmonton Zone","hosp.adm",3,NA
"EGB",2021-06-13,"NML","Edmonton Zone","hosp.adm",3,NA
"EGB",2021-06-17,"NML","Edmonton Zone","hosp.adm",2,NA
"EGB",2021-06-20,"NML","Edmonton Zone","hosp.adm",1,NA
"OTW",2020-04-08,"Delatolla","Ottawa","clinical.cases",18,195
"OTW",2020-04-08,"Delatolla","Ottawa","hosp.adm",5,195
"OTW",2020-04-08,"Delatolla","Ottawa","hosp.occ",44,195
"OTW",2020-04-24,"Delatolla","Ottawa","clinical.cases",31,85
"OTW",2020-04-24,"Delatolla","Ottawa","hosp.adm",7,85
"OTW",2020-04-24,"Delatolla","Ottawa","hosp.occ",48,85
"OTW",2020-05-05,"Delatolla","Ottawa","clinical.cases",32,70
"OTW",2020-05-05,"Delatolla","Ottawa","hosp.adm",3,70
"OTW",2020-05-05,"Delatolla","Ottawa","hosp.occ",50,70
"OTW",2020-05-19,"Delatolla","Ottawa","clinical.cases",21,30
"OTW",2020-05-19,"Delatolla","Ottawa","hosp.adm",0,30
"OTW",2020-05-19,"Delatolla","Ottawa","hosp.occ",40,30
"OTW",2020-06-02,"Delatolla","Ottawa","clinical.cases",9,45
"OTW",2020-06-02,"Delatolla","Ottawa","hosp.adm",0,45
"OTW",2020-06-02,"Delatolla","Ottawa","hosp.occ",26,45
"OTW",2020-06-10,"Delatolla","Ottawa","clinical.cases",3,20
"OTW",2020-06-10,"Delatolla","Ottawa","hosp.adm",0,20
"OTW",2020-06-10,"Delatolla","Ottawa","hosp.occ",17,20
"OTW",2020-06-16,"Delatolla","Ottawa","clinical.cases",1,25
"OTW",2020-06-16,"Delatolla","Ottawa","hosp.adm",1,25
"OTW",2020-06-16,"Delatolla","Ottawa","hosp.occ",14,25
"OTW",2020-06-17,"Delatolla","Ottawa","clinical.cases",10,30
"OTW",2020-06-17,"Delatolla","Ottawa","hosp.adm",1,30
"OTW",2020-06-17,"Delatolla","Ottawa","hosp.occ",6,30
"OTW",2020-06-19,"Delatolla","Ottawa","clinical.cases",2,20
"OTW",2020-06-19,"Delatolla","Ottawa","hosp.adm",0,20
"OTW",2020-06-19,"Delatolla","Ottawa","hosp.occ",5,20
"OTW",2020-06-21,"Delatolla","Ottawa","clinical.cases",4,40
"OTW",2020-06-21,"Delatolla","Ottawa","hosp.adm",0,40
"OTW",2020-06-21,"Delatolla","Ottawa","hosp.occ",4,40
"OTW",2020-06-23,"Delatolla","Ottawa","clinical.cases",2,165
"OTW",2020-06-23,"Delatolla","Ottawa","hosp.adm",0,165
"OTW",2020-06-23,"Delatolla","Ottawa","hosp.occ",1,165
"OTW",2020-06-26,"Delatolla","Ottawa","clinical.cases",4,50
"OTW",2020-06-26,"Delatolla","Ottawa","hosp.adm",0,50
"OTW",2020-06-26,"Delatolla","Ottawa","hosp.occ",2,50
"OTW",2020-06-27,"Delatolla","Ottawa","clinical.cases",1,50
"OTW",2020-06-27,"Delatolla","Ottawa","hosp.adm",0,50
"OTW",2020-06-27,"Delatolla","Ottawa","hosp.occ",1,50
"OTW",2020-06-30,"Delatolla","Ottawa","clinical.cases",7,55
"OTW",2020-06-30,"Delatolla","Ottawa","hosp.adm",0,55
"OTW",2020-06-30,"Delatolla","Ottawa","hosp.occ",3,55
"OTW",2020-07-07,"Delatolla","Ottawa","clinical.cases",5,40
"OTW",2020-07-07,"Delatolla","Ottawa","hosp.adm",0,40
"OTW",2020-07-07,"Delatolla","Ottawa","hosp.occ",1,40
"OTW",2020-07-09,"Delatolla","Ottawa","clinical.cases",4,10
"OTW",2020-07-09,"Delatolla","Ottawa","hosp.adm",1,10
"OTW",2020-07-09,"Delatolla","Ottawa","hosp.occ",2,10
"OTW",2020-07-12,"Delatolla","Ottawa","clinical.cases",9,60
"OTW",2020-07-12,"Delatolla","Ottawa","hosp.adm",1,60
"OTW",2020-07-12,"Delatolla","Ottawa","hosp.occ",3,60
"OTW",2020-07-13,"Delatolla","Ottawa","clinical.cases",5,10
"OTW",2020-07-13,"Delatolla","Ottawa","hosp.adm",0,10
"OTW",2020-07-13,"Delatolla","Ottawa","hosp.occ",3,10
"OTW",2020-07-15,"Delatolla","Ottawa","clinical.cases",11,70
"OTW",2020-07-15,"Delatolla","Ottawa","hosp.adm",1,70
"OTW",2020-07-15,"Delatolla","Ottawa","hosp.occ",5,70
"OTW",2020-07-17,"Delatolla","Ottawa","clinical.cases",13,280
"OTW",2020-07-17,"Delatolla","Ottawa","hosp.adm",0,280
"OTW",2020-07-17,"Delatolla","Ottawa","hosp.occ",5,280
"OTW",2020-07-19,"Delatolla","Ottawa","clinical.cases",43,305
"OTW",2020-07-19,"Delatolla","Ottawa","hosp.adm",0,305
"OTW",2020-07-19,"Delatolla","Ottawa","hosp.occ",6,305
"OTW",2020-07-21,"Delatolla","Ottawa","clinical.cases",23,60
"OTW",2020-07-21,"Delatolla","Ottawa","hosp.adm",0,60
"OTW",2020-07-21,"Delatolla","Ottawa","hosp.occ",8,60
"OTW",2020-07-23,"Delatolla","Ottawa","clinical.cases",17,180
"OTW",2020-07-23,"Delatolla","Ottawa","hosp.adm",1,180
"OTW",2020-07-23,"Delatolla","Ottawa","hosp.occ",10,180
"OTW",2020-07-25,"Delatolla","Ottawa","clinical.cases",17,165
"OTW",2020-07-25,"Delatolla","Ottawa","hosp.adm",0,165
"OTW",2020-07-25,"Delatolla","Ottawa","hosp.occ",7,165
"OTW",2020-07-27,"Delatolla","Ottawa","clinical.cases",14,150
"OTW",2020-07-27,"Delatolla","Ottawa","hosp.adm",1,150
"OTW",2020-07-27,"Delatolla","Ottawa","hosp.occ",9,150
"OTW",2020-07-29,"Delatolla","Ottawa","clinical.cases",14,115
"OTW",2020-07-29,"Delatolla","Ottawa","hosp.adm",2,115
"OTW",2020-07-29,"Delatolla","Ottawa","hosp.occ",11,115
"OTW",2020-07-31,"Delatolla","Ottawa","clinical.cases",17,90
"OTW",2020-07-31,"Delatolla","Ottawa","hosp.adm",1,90
"OTW",2020-07-31,"Delatolla","Ottawa","hosp.occ",13,90
"OTW",2020-08-04,"Delatolla","Ottawa","clinical.cases",10,165
"OTW",2020-08-04,"Delatolla","Ottawa","hosp.adm",1,165
"OTW",2020-08-04,"Delatolla","Ottawa","hosp.occ",11,165
"OTW",2020-08-08,"Delatolla","Ottawa","clinical.cases",11,150
"OTW",2020-08-08,"Delatolla","Ottawa","hosp.adm",0,150
"OTW",2020-08-08,"Delatolla","Ottawa","hosp.occ",10,150
"OTW",2020-08-10,"Delatolla","Ottawa","clinical.cases",8,120
"OTW",2020-08-10,"Delatolla","Ottawa","hosp.adm",0,120
"OTW",2020-08-10,"Delatolla","Ottawa","hosp.occ",12,120
"OTW",2020-08-12,"Delatolla","Ottawa","clinical.cases",4,140
"OTW",2020-08-12,"Delatolla","Ottawa","hosp.adm",0,140
"OTW",2020-08-12,"Delatolla","Ottawa","hosp.occ",10,140
"OTW",2020-08-14,"Delatolla","Ottawa","clinical.cases",9,90
"OTW",2020-08-14,"Delatolla","Ottawa","hosp.adm",1,90
"OTW",2020-08-14,"Delatolla","Ottawa","hosp.occ",10,90
"OTW",2020-08-16,"Delatolla","Ottawa","clinical.cases",6,165
"OTW",2020-08-16,"Delatolla","Ottawa","hosp.adm",0,165
"OTW",2020-08-16,"Delatolla","Ottawa","hosp.occ",11,165
"OTW",2020-08-18,"Delatolla","Ottawa","clinical.cases",15,255
"OTW",2020-08-18,"Delatolla","Ottawa","hosp.adm",0,255
"OTW",2020-08-18,"Delatolla","Ottawa","hosp.occ",7,255
"OTW",2020-08-22,"Delatolla","Ottawa","clinical.cases",11,145
"OTW",2020-08-22,"Delatolla","Ottawa","hosp.adm",1,145
"OTW",2020-08-22,"Delatolla","Ottawa","hosp.occ",7,145
"OTW",2020-08-24,"Delatolla","Ottawa","clinical.cases",11,195
"OTW",2020-08-24,"Delatolla","Ottawa","hosp.adm",1,195
"OTW",2020-08-24,"Delatolla","Ottawa","hosp.occ",8,195
"OTW",2020-08-26,"Delatolla","Ottawa","clinical.cases",9,260
"OTW",2020-08-26,"Delatolla","Ottawa","hosp.adm",0,260
"OTW",2020-08-26,"Delatolla","Ottawa","hosp.occ",11,260
"OTW",2020-08-28,"Delatolla","Ottawa","clinical.cases",13,295
"OTW",2020-08-28,"Delatolla","Ottawa","hosp.adm",1,295
"OTW",2020-08-28,"Delatolla","Ottawa","hosp.occ",9,295
"OTW",2020-08-30,"Delatolla","Ottawa","clinical.cases",6,245
"OTW",2020-08-30,"Delatolla","Ottawa","hosp.adm",2,245
"OTW",2020-08-30,"Delatolla","Ottawa","hosp.occ",10,245
"OTW",2020-09-01,"Delatolla","Ottawa","clinical.cases",23,105
"OTW",2020-09-01,"Delatolla","Ottawa","hosp.adm",0,105
"OTW",2020-09-01,"Delatolla","Ottawa","hosp.occ",11,105
"OTW",2020-09-03,"Delatolla","Ottawa","clinical.cases",15,145
"OTW",2020-09-03,"Delatolla","Ottawa","hosp.adm",1,145
"OTW",2020-09-03,"Delatolla","Ottawa","hosp.occ",8,145
"OTW",2020-09-05,"Delatolla","Ottawa","clinical.cases",9,190
"OTW",2020-09-05,"Delatolla","Ottawa","hosp.adm",2,190
"OTW",2020-09-05,"Delatolla","Ottawa","hosp.occ",13,190
"OTW",2020-09-07,"Delatolla","Ottawa","clinical.cases",19,150
"OTW",2020-09-07,"Delatolla","Ottawa","hosp.adm",0,150
"OTW",2020-09-07,"Delatolla","Ottawa","hosp.occ",12,150
"OTW",2020-09-10,"Delatolla","Ottawa","clinical.cases",25,250
"OTW",2020-09-10,"Delatolla","Ottawa","hosp.adm",2,250
"OTW",2020-09-10,"Delatolla","Ottawa","hosp.occ",14,250
"OTW",2020-09-11,"Delatolla","Ottawa","clinical.cases",43,130
"OTW",2020-09-11,"Delatolla","Ottawa","hosp.adm",0,130
"OTW",2020-09-11,"Delatolla","Ottawa","hosp.occ",12,130
"OTW",2020-09-12,"Delatolla","Ottawa","clinical.cases",32,160
"OTW",2020-09-12,"Delatolla","Ottawa","hosp.adm",1,160
"OTW",2020-09-12,"Delatolla","Ottawa","hosp.occ",12,160
"OTW",2020-09-13,"Delatolla","Ottawa","clinical.cases",20,250
"OTW",2020-09-13,"Delatolla","Ottawa","hosp.adm",1,250
"OTW",2020-09-13,"Delatolla","Ottawa","hosp.occ",11,250
"OTW",2020-09-14,"Delatolla","Ottawa","clinical.cases",43,210
"OTW",2020-09-14,"Delatolla","Ottawa","hosp.adm",1,210
"OTW",2020-09-14,"Delatolla","Ottawa","hosp.occ",11,210
"OTW",2020-09-15,"Delatolla","Ottawa","clinical.cases",36,215
"OTW",2020-09-15,"Delatolla","Ottawa","hosp.adm",1,215
"OTW",2020-09-15,"Delatolla","Ottawa","hosp.occ",11,215
"OTW",2020-09-16,"Delatolla","Ottawa","clinical.cases",37,75
"OTW",2020-09-16,"Delatolla","Ottawa","hosp.adm",1,75
"OTW",2020-09-16,"Delatolla","Ottawa","hosp.occ",11,75
"OTW",2020-09-17,"Delatolla","Ottawa","clinical.cases",49,195
"OTW",2020-09-17,"Delatolla","Ottawa","hosp.adm",2,195
"OTW",2020-09-17,"Delatolla","Ottawa","hosp.occ",11,195
"OTW",2020-09-18,"Delatolla","Ottawa","clinical.cases",37,180
"OTW",2020-09-18,"Delatolla","Ottawa","hosp.adm",0,180
"OTW",2020-09-18,"Delatolla","Ottawa","hosp.occ",11,180
"OTW",2020-09-19,"Delatolla","Ottawa","clinical.cases",45,330
"OTW",2020-09-19,"Delatolla","Ottawa","hosp.adm",0,330
"OTW",2020-09-19,"Delatolla","Ottawa","hosp.occ",10,330
"OTW",2020-09-20,"Delatolla","Ottawa","clinical.cases",53,125
"OTW",2020-09-20,"Delatolla","Ottawa","hosp.adm",2,125
"OTW",2020-09-20,"Delatolla","Ottawa","hosp.occ",11,125
"OTW",2020-09-21,"Delatolla","Ottawa","clinical.cases",56,315
"OTW",2020-09-21,"Delatolla","Ottawa","hosp.adm",1,315
"OTW",2020-09-21,"Delatolla","Ottawa","hosp.occ",12,315
"OTW",2020-09-22,"Delatolla","Ottawa","clinical.cases",36,400
"OTW",2020-09-22,"Delatolla","Ottawa","hosp.adm",3,400
"OTW",2020-09-22,"Delatolla","Ottawa","hosp.occ",15,400
"OTW",2020-09-23,"Delatolla","Ottawa","clinical.cases",36,220
"OTW",2020-09-23,"Delatolla","Ottawa","hosp.adm",2,220
"OTW",2020-09-23,"Delatolla","Ottawa","hosp.occ",16,220
"OTW",2020-09-24,"Delatolla","Ottawa","clinical.cases",35,110
"OTW",2020-09-24,"Delatolla","Ottawa","hosp.adm",2,110
"OTW",2020-09-24,"Delatolla","Ottawa","hosp.occ",18,110
"OTW",2020-09-25,"Delatolla","Ottawa","clinical.cases",46,130
"OTW",2020-09-25,"Delatolla","Ottawa","hosp.adm",3,130
"OTW",2020-09-25,"Delatolla","Ottawa","hosp.occ",20,130
"OTW",2020-09-26,"Delatolla","Ottawa","clinical.cases",103,225
"OTW",2020-09-26,"Delatolla","Ottawa","hosp.adm",3,225
"OTW",2020-09-26,"Delatolla","Ottawa","hosp.occ",21,225
"OTW",2020-09-27,"Delatolla","Ottawa","clinical.cases",89,250
"OTW",2020-09-27,"Delatolla","Ottawa","hosp.adm",2,250
"OTW",2020-09-27,"Delatolla","Ottawa","hosp.occ",22,250
"OTW",2020-09-28,"Delatolla","Ottawa","clinical.cases",83,345
"OTW",2020-09-28,"Delatolla","Ottawa","hosp.adm",6,345
"OTW",2020-09-28,"Delatolla","Ottawa","hosp.occ",27,345
"OTW",2020-09-29,"Delatolla","Ottawa","clinical.cases",59,400
"OTW",2020-09-29,"Delatolla","Ottawa","hosp.adm",4,400
"OTW",2020-09-29,"Delatolla","Ottawa","hosp.occ",27,400
"OTW",2020-09-30,"Delatolla","Ottawa","clinical.cases",101,260
"OTW",2020-09-30,"Delatolla","Ottawa","hosp.adm",5,260
"OTW",2020-09-30,"Delatolla","Ottawa","hosp.occ",30,260
"OTW",2020-10-01,"Delatolla","Ottawa","clinical.cases",88,845
"OTW",2020-10-01,"Delatolla","Ottawa","hosp.adm",3,845
"OTW",2020-10-01,"Delatolla","Ottawa","hosp.occ",29,845
"OTW",2020-10-02,"Delatolla","Ottawa","clinical.cases",73,355
"OTW",2020-10-02,"Delatolla","Ottawa","hosp.adm",1,355
"OTW",2020-10-02,"Delatolla","Ottawa","hosp.occ",29,355
"OTW",2020-10-03,"Delatolla","Ottawa","clinical.cases",99,280
"OTW",2020-10-03,"Delatolla","Ottawa","hosp.adm",5,280
"OTW",2020-10-03,"Delatolla","Ottawa","hosp.occ",31,280
"OTW",2020-10-04,"Delatolla","Ottawa","clinical.cases",91,120
"OTW",2020-10-04,"Delatolla","Ottawa","hosp.adm",3,120
"OTW",2020-10-04,"Delatolla","Ottawa","hosp.occ",32,120
"OTW",2020-10-05,"Delatolla","Ottawa","clinical.cases",70,430
"OTW",2020-10-05,"Delatolla","Ottawa","hosp.adm",3,430
"OTW",2020-10-05,"Delatolla","Ottawa","hosp.occ",33,430
"OTW",2020-10-06,"Delatolla","Ottawa","clinical.cases",42,570
"OTW",2020-10-06,"Delatolla","Ottawa","hosp.adm",2,570
"OTW",2020-10-06,"Delatolla","Ottawa","hosp.occ",34,570
"OTW",2020-10-07,"Delatolla","Ottawa","clinical.cases",71,465
"OTW",2020-10-07,"Delatolla","Ottawa","hosp.adm",3,465
"OTW",2020-10-07,"Delatolla","Ottawa","hosp.occ",36,465
"OTW",2020-10-08,"Delatolla","Ottawa","clinical.cases",66,410
"OTW",2020-10-08,"Delatolla","Ottawa","hosp.adm",2,410
"OTW",2020-10-08,"Delatolla","Ottawa","hosp.occ",36,410
"OTW",2020-10-09,"Delatolla","Ottawa","clinical.cases",54,500
"OTW",2020-10-09,"Delatolla","Ottawa","hosp.adm",2,500
"OTW",2020-10-09,"Delatolla","Ottawa","hosp.occ",37,500
"OTW",2020-10-10,"Delatolla","Ottawa","clinical.cases",79,755
"OTW",2020-10-10,"Delatolla","Ottawa","hosp.adm",6,755
"OTW",2020-10-10,"Delatolla","Ottawa","hosp.occ",43,755
"OTW",2020-10-11,"Delatolla","Ottawa","clinical.cases",66,975
"OTW",2020-10-11,"Delatolla","Ottawa","hosp.adm",5,975
"OTW",2020-10-11,"Delatolla","Ottawa","hosp.occ",46,975
"OTW",2020-10-12,"Delatolla","Ottawa","clinical.cases",33,1520
"OTW",2020-10-12,"Delatolla","Ottawa","hosp.adm",3,1520
"OTW",2020-10-12,"Delatolla","Ottawa","hosp.occ",46,1520
"OTW",2020-10-13,"Delatolla","Ottawa","clinical.cases",64,915
"OTW",2020-10-13,"Delatolla","Ottawa","hosp.adm",1,915
"OTW",2020-10-13,"Delatolla","Ottawa","hosp.occ",45,915
"OTW",2020-10-14,"Delatolla","Ottawa","clinical.cases",93,620
"OTW",2020-10-14,"Delatolla","Ottawa","hosp.adm",2,620
"OTW",2020-10-14,"Delatolla","Ottawa","hosp.occ",45,620
"OTW",2020-10-15,"Delatolla","Ottawa","clinical.cases",47,350
"OTW",2020-10-15,"Delatolla","Ottawa","hosp.adm",5,350
"OTW",2020-10-15,"Delatolla","Ottawa","hosp.occ",49,350
"OTW",2020-10-16,"Delatolla","Ottawa","clinical.cases",68,605
"OTW",2020-10-16,"Delatolla","Ottawa","hosp.adm",4,605
"OTW",2020-10-16,"Delatolla","Ottawa","hosp.occ",47,605
"OTW",2020-10-17,"Delatolla","Ottawa","clinical.cases",65,770
"OTW",2020-10-17,"Delatolla","Ottawa","hosp.adm",6,770
"OTW",2020-10-17,"Delatolla","Ottawa","hosp.occ",49,770
"OTW",2020-10-18,"Delatolla","Ottawa","clinical.cases",33,435
"OTW",2020-10-18,"Delatolla","Ottawa","hosp.adm",2,435
"OTW",2020-10-18,"Delatolla","Ottawa","hosp.occ",48,435
"OTW",2020-10-19,"Delatolla","Ottawa","clinical.cases",50,475
"OTW",2020-10-19,"Delatolla","Ottawa","hosp.adm",3,475
"OTW",2020-10-19,"Delatolla","Ottawa","hosp.occ",47,475
"OTW",2020-10-20,"Delatolla","Ottawa","clinical.cases",41,1255
"OTW",2020-10-20,"Delatolla","Ottawa","hosp.adm",4,1255
"OTW",2020-10-20,"Delatolla","Ottawa","hosp.occ",45,1255
"OTW",2020-10-21,"Delatolla","Ottawa","clinical.cases",73,235
"OTW",2020-10-21,"Delatolla","Ottawa","hosp.adm",4,235
"OTW",2020-10-21,"Delatolla","Ottawa","hosp.occ",44,235
"OTW",2020-10-22,"Delatolla","Ottawa","clinical.cases",61,730
"OTW",2020-10-22,"Delatolla","Ottawa","hosp.adm",1,730
"OTW",2020-10-22,"Delatolla","Ottawa","hosp.occ",43,730
"OTW",2020-10-23,"Delatolla","Ottawa","clinical.cases",69,745
"OTW",2020-10-23,"Delatolla","Ottawa","hosp.adm",2,745
"OTW",2020-10-23,"Delatolla","Ottawa","hosp.occ",36,745
"OTW",2020-10-24,"Delatolla","Ottawa","clinical.cases",50,1335
"OTW",2020-10-24,"Delatolla","Ottawa","hosp.adm",2,1335
"OTW",2020-10-24,"Delatolla","Ottawa","hosp.occ",36,1335
"OTW",2020-10-25,"Delatolla","Ottawa","clinical.cases",54,340
"OTW",2020-10-25,"Delatolla","Ottawa","hosp.adm",3,340
"OTW",2020-10-25,"Delatolla","Ottawa","hosp.occ",38,340
"OTW",2020-10-26,"Delatolla","Ottawa","clinical.cases",41,760
"OTW",2020-10-26,"Delatolla","Ottawa","hosp.adm",4,760
"OTW",2020-10-26,"Delatolla","Ottawa","hosp.occ",39,760
"OTW",2020-10-27,"Delatolla","Ottawa","clinical.cases",39,395
"OTW",2020-10-27,"Delatolla","Ottawa","hosp.adm",1,395
"OTW",2020-10-27,"Delatolla","Ottawa","hosp.occ",31,395
"OTW",2020-10-28,"Delatolla","Ottawa","clinical.cases",80,310
"OTW",2020-10-28,"Delatolla","Ottawa","hosp.adm",2,310
"OTW",2020-10-28,"Delatolla","Ottawa","hosp.occ",29,310
"OTW",2020-10-29,"Delatolla","Ottawa","clinical.cases",64,490
"OTW",2020-10-29,"Delatolla","Ottawa","hosp.adm",9,490
"OTW",2020-10-29,"Delatolla","Ottawa","hosp.occ",37,490
"OTW",2020-10-30,"Delatolla","Ottawa","clinical.cases",106,340
"OTW",2020-10-30,"Delatolla","Ottawa","hosp.adm",4,340
"OTW",2020-10-30,"Delatolla","Ottawa","hosp.occ",40,340
"OTW",2020-10-31,"Delatolla","Ottawa","clinical.cases",65,490
"OTW",2020-10-31,"Delatolla","Ottawa","hosp.adm",2,490
"OTW",2020-10-31,"Delatolla","Ottawa","hosp.occ",39,490
"OTW",2020-11-01,"Delatolla","Ottawa","clinical.cases",44,630
"OTW",2020-11-01,"Delatolla","Ottawa","hosp.adm",1,630
"OTW",2020-11-01,"Delatolla","Ottawa","hosp.occ",37,630
"OTW",2020-11-02,"Delatolla","Ottawa","clinical.cases",19,295
"OTW",2020-11-02,"Delatolla","Ottawa","hosp.adm",6,295
"OTW",2020-11-02,"Delatolla","Ottawa","hosp.occ",42,295
"OTW",2020-11-03,"Delatolla","Ottawa","clinical.cases",32,185
"OTW",2020-11-03,"Delatolla","Ottawa","hosp.adm",1,185
"OTW",2020-11-03,"Delatolla","Ottawa","hosp.occ",43,185
"OTW",2020-11-04,"Delatolla","Ottawa","clinical.cases",41,280
"OTW",2020-11-04,"Delatolla","Ottawa","hosp.adm",1,280
"OTW",2020-11-04,"Delatolla","Ottawa","hosp.occ",40,280
"OTW",2020-11-05,"Delatolla","Ottawa","clinical.cases",61,790
"OTW",2020-11-05,"Delatolla","Ottawa","hosp.adm",5,790
"OTW",2020-11-05,"Delatolla","Ottawa","hosp.occ",43,790
"OTW",2020-11-06,"Delatolla","Ottawa","clinical.cases",58,615
"OTW",2020-11-06,"Delatolla","Ottawa","hosp.adm",4,615
"OTW",2020-11-06,"Delatolla","Ottawa","hosp.occ",46,615
"OTW",2020-11-07,"Delatolla","Ottawa","clinical.cases",69,800
"OTW",2020-11-07,"Delatolla","Ottawa","hosp.adm",3,800
"OTW",2020-11-07,"Delatolla","Ottawa","hosp.occ",46,800
"OTW",2020-11-08,"Delatolla","Ottawa","clinical.cases",25,395
"OTW",2020-11-08,"Delatolla","Ottawa","hosp.adm",1,395
"OTW",2020-11-08,"Delatolla","Ottawa","hosp.occ",47,395
"OTW",2020-11-09,"Delatolla","Ottawa","clinical.cases",17,435
"OTW",2020-11-09,"Delatolla","Ottawa","hosp.adm",7,435
"OTW",2020-11-09,"Delatolla","Ottawa","hosp.occ",46,435
"OTW",2020-11-10,"Delatolla","Ottawa","clinical.cases",46,1280
"OTW",2020-11-10,"Delatolla","Ottawa","hosp.adm",3,1280
"OTW",2020-11-10,"Delatolla","Ottawa","hosp.occ",47,1280
"OTW",2020-11-11,"Delatolla","Ottawa","clinical.cases",69,370
"OTW",2020-11-11,"Delatolla","Ottawa","hosp.adm",2,370
"OTW",2020-11-11,"Delatolla","Ottawa","hosp.occ",46,370
"OTW",2020-11-12,"Delatolla","Ottawa","clinical.cases",51,360
"OTW",2020-11-12,"Delatolla","Ottawa","hosp.adm",3,360
"OTW",2020-11-12,"Delatolla","Ottawa","hosp.occ",43,360
"OTW",2020-11-13,"Delatolla","Ottawa","clinical.cases",59,335
"OTW",2020-11-13,"Delatolla","Ottawa","hosp.adm",0,335
"OTW",2020-11-13,"Delatolla","Ottawa","hosp.occ",36,335
"OTW",2020-11-14,"Delatolla","Ottawa","clinical.cases",31,440
"OTW",2020-11-14,"Delatolla","Ottawa","hosp.adm",3,440
"OTW",2020-11-14,"Delatolla","Ottawa","hosp.occ",37,440
"OTW",2020-11-15,"Delatolla","Ottawa","clinical.cases",17,305
"OTW",2020-11-15,"Delatolla","Ottawa","hosp.adm",0,305
"OTW",2020-11-15,"Delatolla","Ottawa","hosp.occ",35,305
"OTW",2020-11-16,"Delatolla","Ottawa","clinical.cases",9,730
"OTW",2020-11-16,"Delatolla","Ottawa","hosp.adm",3,730
"OTW",2020-11-16,"Delatolla","Ottawa","hosp.occ",33,730
"OTW",2020-11-17,"Delatolla","Ottawa","clinical.cases",38,240
"OTW",2020-11-17,"Delatolla","Ottawa","hosp.adm",1,240
"OTW",2020-11-17,"Delatolla","Ottawa","hosp.occ",32,240
"OTW",2020-11-18,"Delatolla","Ottawa","clinical.cases",56,275
"OTW",2020-11-18,"Delatolla","Ottawa","hosp.adm",1,275
"OTW",2020-11-18,"Delatolla","Ottawa","hosp.occ",32,275
"OTW",2020-11-19,"Delatolla","Ottawa","clinical.cases",33,150
"OTW",2020-11-19,"Delatolla","Ottawa","hosp.adm",0,150
"OTW",2020-11-19,"Delatolla","Ottawa","hosp.occ",30,150
"OTW",2020-11-20,"Delatolla","Ottawa","clinical.cases",25,250
"OTW",2020-11-20,"Delatolla","Ottawa","hosp.adm",1,250
"OTW",2020-11-20,"Delatolla","Ottawa","hosp.occ",30,250
"OTW",2020-11-21,"Delatolla","Ottawa","clinical.cases",28,360
"OTW",2020-11-21,"Delatolla","Ottawa","hosp.adm",2,360
"OTW",2020-11-21,"Delatolla","Ottawa","hosp.occ",31,360
"OTW",2020-11-22,"Delatolla","Ottawa","clinical.cases",18,395
"OTW",2020-11-22,"Delatolla","Ottawa","hosp.adm",3,395
"OTW",2020-11-22,"Delatolla","Ottawa","hosp.occ",31,395
"OTW",2020-11-23,"Delatolla","Ottawa","clinical.cases",16,335
"OTW",2020-11-23,"Delatolla","Ottawa","hosp.adm",1,335
"OTW",2020-11-23,"Delatolla","Ottawa","hosp.occ",27,335
"OTW",2020-11-24,"Delatolla","Ottawa","clinical.cases",16,925
"OTW",2020-11-24,"Delatolla","Ottawa","hosp.adm",1,925
"OTW",2020-11-24,"Delatolla","Ottawa","hosp.occ",23,925
"OTW",2020-11-25,"Delatolla","Ottawa","clinical.cases",33,250
"OTW",2020-11-25,"Delatolla","Ottawa","hosp.adm",2,250
"OTW",2020-11-25,"Delatolla","Ottawa","hosp.occ",23,250
"OTW",2020-11-26,"Delatolla","Ottawa","clinical.cases",45,300
"OTW",2020-11-26,"Delatolla","Ottawa","hosp.adm",3,300
"OTW",2020-11-26,"Delatolla","Ottawa","hosp.occ",23,300
"OTW",2020-11-27,"Delatolla","Ottawa","clinical.cases",57,315
"OTW",2020-11-27,"Delatolla","Ottawa","hosp.adm",3,315
"OTW",2020-11-27,"Delatolla","Ottawa","hosp.occ",24,315
"OTW",2020-11-28,"Delatolla","Ottawa","clinical.cases",31,270
"OTW",2020-11-28,"Delatolla","Ottawa","hosp.adm",2,270
"OTW",2020-11-28,"Delatolla","Ottawa","hosp.occ",25,270
"OTW",2020-11-29,"Delatolla","Ottawa","clinical.cases",22,460
"OTW",2020-11-29,"Delatolla","Ottawa","hosp.adm",5,460
"OTW",2020-11-29,"Delatolla","Ottawa","hosp.occ",28,460
"OTW",2020-11-30,"Delatolla","Ottawa","clinical.cases",26,260
"OTW",2020-11-30,"Delatolla","Ottawa","hosp.adm",1,260
"OTW",2020-11-30,"Delatolla","Ottawa","hosp.occ",25,260
"OTW",2020-12-01,"Delatolla","Ottawa","clinical.cases",29,85
"OTW",2020-12-01,"Delatolla","Ottawa","hosp.adm",3,85
"OTW",2020-12-01,"Delatolla","Ottawa","hosp.occ",27,85
"OTW",2020-12-02,"Delatolla","Ottawa","clinical.cases",30,70
"OTW",2020-12-02,"Delatolla","Ottawa","hosp.adm",6,70
"OTW",2020-12-02,"Delatolla","Ottawa","hosp.occ",31,70
"OTW",2020-12-03,"Delatolla","Ottawa","clinical.cases",34,70
"OTW",2020-12-03,"Delatolla","Ottawa","hosp.adm",3,70
"OTW",2020-12-03,"Delatolla","Ottawa","hosp.occ",33,70
"OTW",2020-12-04,"Delatolla","Ottawa","clinical.cases",35,105
"OTW",2020-12-04,"Delatolla","Ottawa","hosp.adm",2,105
"OTW",2020-12-04,"Delatolla","Ottawa","hosp.occ",31,105
"OTW",2020-12-05,"Delatolla","Ottawa","clinical.cases",42,110
"OTW",2020-12-05,"Delatolla","Ottawa","hosp.adm",1,110
"OTW",2020-12-05,"Delatolla","Ottawa","hosp.occ",31,110
"OTW",2020-12-06,"Delatolla","Ottawa","clinical.cases",22,750
"OTW",2020-12-06,"Delatolla","Ottawa","hosp.adm",1,750
"OTW",2020-12-06,"Delatolla","Ottawa","hosp.occ",31,750
"OTW",2020-12-07,"Delatolla","Ottawa","clinical.cases",19,90
"OTW",2020-12-07,"Delatolla","Ottawa","hosp.adm",2,90
"OTW",2020-12-07,"Delatolla","Ottawa","hosp.occ",30,90
"OTW",2020-12-08,"Delatolla","Ottawa","clinical.cases",46,155
"OTW",2020-12-08,"Delatolla","Ottawa","hosp.adm",0,155
"OTW",2020-12-08,"Delatolla","Ottawa","hosp.occ",27,155
"OTW",2020-12-09,"Delatolla","Ottawa","clinical.cases",29,155
"OTW",2020-12-09,"Delatolla","Ottawa","hosp.adm",1,155
"OTW",2020-12-09,"Delatolla","Ottawa","hosp.occ",24,155
"OTW",2020-12-10,"Delatolla","Ottawa","clinical.cases",44,340
"OTW",2020-12-10,"Delatolla","Ottawa","hosp.adm",1,340
"OTW",2020-12-10,"Delatolla","Ottawa","hosp.occ",23,340
"OTW",2020-12-11,"Delatolla","Ottawa","clinical.cases",36,265
"OTW",2020-12-11,"Delatolla","Ottawa","hosp.adm",1,265
"OTW",2020-12-11,"Delatolla","Ottawa","hosp.occ",23,265
"OTW",2020-12-12,"Delatolla","Ottawa","clinical.cases",41,390
"OTW",2020-12-12,"Delatolla","Ottawa","hosp.adm",0,390
"OTW",2020-12-12,"Delatolla","Ottawa","hosp.occ",20,390
"OTW",2020-12-13,"Delatolla","Ottawa","clinical.cases",18,290
"OTW",2020-12-13,"Delatolla","Ottawa","hosp.adm",0,290
"OTW",2020-12-13,"Delatolla","Ottawa","hosp.occ",19,290
"OTW",2020-12-14,"Delatolla","Ottawa","clinical.cases",16,350
"OTW",2020-12-14,"Delatolla","Ottawa","hosp.adm",2,350
"OTW",2020-12-14,"Delatolla","Ottawa","hosp.occ",20,350
"OTW",2020-12-15,"Delatolla","Ottawa","clinical.cases",28,190
"OTW",2020-12-15,"Delatolla","Ottawa","hosp.adm",1,190
"OTW",2020-12-15,"Delatolla","Ottawa","hosp.occ",20,190
"OTW",2020-12-16,"Delatolla","Ottawa","clinical.cases",39,435
"OTW",2020-12-16,"Delatolla","Ottawa","hosp.adm",0,435
"OTW",2020-12-16,"Delatolla","Ottawa","hosp.occ",18,435
"OTW",2020-12-17,"Delatolla","Ottawa","clinical.cases",45,255
"OTW",2020-12-17,"Delatolla","Ottawa","hosp.adm",1,255
"OTW",2020-12-17,"Delatolla","Ottawa","hosp.occ",17,255
"OTW",2020-12-18,"Delatolla","Ottawa","clinical.cases",25,405
"OTW",2020-12-18,"Delatolla","Ottawa","hosp.adm",0,405
"OTW",2020-12-18,"Delatolla","Ottawa","hosp.occ",16,405
"OTW",2020-12-19,"Delatolla","Ottawa","clinical.cases",33,375
"OTW",2020-12-19,"Delatolla","Ottawa","hosp.adm",3,375
"OTW",2020-12-19,"Delatolla","Ottawa","hosp.occ",19,375
"OTW",2020-12-20,"Delatolla","Ottawa","clinical.cases",22,420
"OTW",2020-12-20,"Delatolla","Ottawa","hosp.adm",0,420
"OTW",2020-12-20,"Delatolla","Ottawa","hosp.occ",16,420
"OTW",2020-12-21,"Delatolla","Ottawa","clinical.cases",10,350
"OTW",2020-12-21,"Delatolla","Ottawa","hosp.adm",1,350
"OTW",2020-12-21,"Delatolla","Ottawa","hosp.occ",15,350
"OTW",2020-12-22,"Delatolla","Ottawa","clinical.cases",68,70
"OTW",2020-12-22,"Delatolla","Ottawa","hosp.adm",2,70
"OTW",2020-12-22,"Delatolla","Ottawa","hosp.occ",15,70
"OTW",2020-12-23,"Delatolla","Ottawa","clinical.cases",56,550
"OTW",2020-12-23,"Delatolla","Ottawa","hosp.adm",1,550
"OTW",2020-12-23,"Delatolla","Ottawa","hosp.occ",13,550
"OTW",2020-12-24,"Delatolla","Ottawa","clinical.cases",54,830
"OTW",2020-12-24,"Delatolla","Ottawa","hosp.adm",2,830
"OTW",2020-12-24,"Delatolla","Ottawa","hosp.occ",13,830
"OTW",2020-12-25,"Delatolla","Ottawa","clinical.cases",75,655
"OTW",2020-12-25,"Delatolla","Ottawa","hosp.adm",0,655
"OTW",2020-12-25,"Delatolla","Ottawa","hosp.occ",10,655
"OTW",2020-12-26,"Delatolla","Ottawa","clinical.cases",19,475
"OTW",2020-12-26,"Delatolla","Ottawa","hosp.adm",2,475
"OTW",2020-12-26,"Delatolla","Ottawa","hosp.occ",12,475
"OTW",2020-12-27,"Delatolla","Ottawa","clinical.cases",42,275
"OTW",2020-12-27,"Delatolla","Ottawa","hosp.adm",2,275
"OTW",2020-12-27,"Delatolla","Ottawa","hosp.occ",12,275
"OTW",2020-12-28,"Delatolla","Ottawa","clinical.cases",50,550
"OTW",2020-12-28,"Delatolla","Ottawa","hosp.adm",1,550
"OTW",2020-12-28,"Delatolla","Ottawa","hosp.occ",13,550
"OTW",2020-12-29,"Delatolla","Ottawa","clinical.cases",96,515
"OTW",2020-12-29,"Delatolla","Ottawa","hosp.adm",3,515
"OTW",2020-12-29,"Delatolla","Ottawa","hosp.occ",12,515
"OTW",2020-12-30,"Delatolla","Ottawa","clinical.cases",141,440
"OTW",2020-12-30,"Delatolla","Ottawa","hosp.adm",3,440
"OTW",2020-12-30,"Delatolla","Ottawa","hosp.occ",13,440
"OTW",2020-12-31,"Delatolla","Ottawa","clinical.cases",88,405
"OTW",2020-12-31,"Delatolla","Ottawa","hosp.adm",2,405
"OTW",2020-12-31,"Delatolla","Ottawa","hosp.occ",13,405
"OTW",2021-01-01,"Delatolla","Ottawa","clinical.cases",110,625
"OTW",2021-01-01,"Delatolla","Ottawa","hosp.adm",2,625
"OTW",2021-01-01,"Delatolla","Ottawa","hosp.occ",13,625
"OTW",2021-01-02,"Delatolla","Ottawa","clinical.cases",70,640
"OTW",2021-01-02,"Delatolla","Ottawa","hosp.adm",2,640
"OTW",2021-01-02,"Delatolla","Ottawa","hosp.occ",15,640
"OTW",2021-01-03,"Delatolla","Ottawa","clinical.cases",94,465
"OTW",2021-01-03,"Delatolla","Ottawa","hosp.adm",3,465
"OTW",2021-01-03,"Delatolla","Ottawa","hosp.occ",18,465
"OTW",2021-01-04,"Delatolla","Ottawa","clinical.cases",75,645
"OTW",2021-01-04,"Delatolla","Ottawa","hosp.adm",5,645
"OTW",2021-01-04,"Delatolla","Ottawa","hosp.occ",21,645
"OTW",2021-01-05,"Delatolla","Ottawa","clinical.cases",140,560
"OTW",2021-01-05,"Delatolla","Ottawa","hosp.adm",6,560
"OTW",2021-01-05,"Delatolla","Ottawa","hosp.occ",23,560
"OTW",2021-01-06,"Delatolla","Ottawa","clinical.cases",138,790
"OTW",2021-01-06,"Delatolla","Ottawa","hosp.adm",7,790
"OTW",2021-01-06,"Delatolla","Ottawa","hosp.occ",28,790
"OTW",2021-01-07,"Delatolla","Ottawa","clinical.cases",114,365
"OTW",2021-01-07,"Delatolla","Ottawa","hosp.adm",6,365
"OTW",2021-01-07,"Delatolla","Ottawa","hosp.occ",32,365
"OTW",2021-01-08,"Delatolla","Ottawa","clinical.cases",98,455
"OTW",2021-01-08,"Delatolla","Ottawa","hosp.adm",0,455
"OTW",2021-01-08,"Delatolla","Ottawa","hosp.occ",30,455
"OTW",2021-01-09,"Delatolla","Ottawa","clinical.cases",99,675
"OTW",2021-01-09,"Delatolla","Ottawa","hosp.adm",4,675
"OTW",2021-01-09,"Delatolla","Ottawa","hosp.occ",30,675
"OTW",2021-01-10,"Delatolla","Ottawa","clinical.cases",93,580
"OTW",2021-01-10,"Delatolla","Ottawa","hosp.adm",5,580
"OTW",2021-01-10,"Delatolla","Ottawa","hosp.occ",34,580
"OTW",2021-01-11,"Delatolla","Ottawa","clinical.cases",55,705
"OTW",2021-01-11,"Delatolla","Ottawa","hosp.adm",3,705
"OTW",2021-01-11,"Delatolla","Ottawa","hosp.occ",34,705
"OTW",2021-01-12,"Delatolla","Ottawa","clinical.cases",157,470
"OTW",2021-01-12,"Delatolla","Ottawa","hosp.adm",4,470
"OTW",2021-01-12,"Delatolla","Ottawa","hosp.occ",35,470
"OTW",2021-01-13,"Delatolla","Ottawa","clinical.cases",97,535
"OTW",2021-01-13,"Delatolla","Ottawa","hosp.adm",2,535
"OTW",2021-01-13,"Delatolla","Ottawa","hosp.occ",34,535
"OTW",2021-01-14,"Delatolla","Ottawa","clinical.cases",87,340
"OTW",2021-01-14,"Delatolla","Ottawa","hosp.adm",9,340
"OTW",2021-01-14,"Delatolla","Ottawa","hosp.occ",41,340
"OTW",2021-01-15,"Delatolla","Ottawa","clinical.cases",110,580
"OTW",2021-01-15,"Delatolla","Ottawa","hosp.adm",5,580
"OTW",2021-01-15,"Delatolla","Ottawa","hosp.occ",41,580
"OTW",2021-01-16,"Delatolla","Ottawa","clinical.cases",80,605
"OTW",2021-01-16,"Delatolla","Ottawa","hosp.adm",2,605
"OTW",2021-01-16,"Delatolla","Ottawa","hosp.occ",39,605
"OTW",2021-01-17,"Delatolla","Ottawa","clinical.cases",53,815
"OTW",2021-01-17,"Delatolla","Ottawa","hosp.adm",2,815
"OTW",2021-01-17,"Delatolla","Ottawa","hosp.occ",39,815
"OTW",2021-01-18,"Delatolla","Ottawa","clinical.cases",40,270
"OTW",2021-01-18,"Delatolla","Ottawa","hosp.adm",7,270
"OTW",2021-01-18,"Delatolla","Ottawa","hosp.occ",43,270
"OTW",2021-01-19,"Delatolla","Ottawa","clinical.cases",96,460
"OTW",2021-01-19,"Delatolla","Ottawa","hosp.adm",8,460
"OTW",2021-01-19,"Delatolla","Ottawa","hosp.occ",45,460
"OTW",2021-01-20,"Delatolla","Ottawa","clinical.cases",70,930
"OTW",2021-01-20,"Delatolla","Ottawa","hosp.adm",2,930
"OTW",2021-01-20,"Delatolla","Ottawa","hosp.occ",37,930
"OTW",2021-01-21,"Delatolla","Ottawa","clinical.cases",64,345
"OTW",2021-01-21,"Delatolla","Ottawa","hosp.adm",3,345
"OTW",2021-01-21,"Delatolla","Ottawa","hosp.occ",37,345
"OTW",2021-01-22,"Delatolla","Ottawa","clinical.cases",72,480
"OTW",2021-01-22,"Delatolla","Ottawa","hosp.adm",5,480
"OTW",2021-01-22,"Delatolla","Ottawa","hosp.occ",37,480
"OTW",2021-01-23,"Delatolla","Ottawa","clinical.cases",70,270
"OTW",2021-01-23,"Delatolla","Ottawa","hosp.adm",4,270
"OTW",2021-01-23,"Delatolla","Ottawa","hosp.occ",39,270
"OTW",2021-01-24,"Delatolla","Ottawa","clinical.cases",28,220
"OTW",2021-01-24,"Delatolla","Ottawa","hosp.adm",2,220
"OTW",2021-01-24,"Delatolla","Ottawa","hosp.occ",37,220
"OTW",2021-01-25,"Delatolla","Ottawa","clinical.cases",17,465
"OTW",2021-01-25,"Delatolla","Ottawa","hosp.adm",4,465
"OTW",2021-01-25,"Delatolla","Ottawa","hosp.occ",38,465
"OTW",2021-01-26,"Delatolla","Ottawa","clinical.cases",57,305
"OTW",2021-01-26,"Delatolla","Ottawa","hosp.adm",8,305
"OTW",2021-01-26,"Delatolla","Ottawa","hosp.occ",40,305
"OTW",2021-01-27,"Delatolla","Ottawa","clinical.cases",56,220
"OTW",2021-01-27,"Delatolla","Ottawa","hosp.adm",1,220
"OTW",2021-01-27,"Delatolla","Ottawa","hosp.occ",30,220
"OTW",2021-01-28,"Delatolla","Ottawa","clinical.cases",56,340
"OTW",2021-01-28,"Delatolla","Ottawa","hosp.adm",3,340
"OTW",2021-01-28,"Delatolla","Ottawa","hosp.occ",30,340
"OTW",2021-01-29,"Delatolla","Ottawa","clinical.cases",36,505
"OTW",2021-01-29,"Delatolla","Ottawa","hosp.adm",3,505
"OTW",2021-01-29,"Delatolla","Ottawa","hosp.occ",31,505
"OTW",2021-01-30,"Delatolla","Ottawa","clinical.cases",34,690
"OTW",2021-01-30,"Delatolla","Ottawa","hosp.adm",2,690
"OTW",2021-01-30,"Delatolla","Ottawa","hosp.occ",33,690
"OTW",2021-01-31,"Delatolla","Ottawa","clinical.cases",18,480
"OTW",2021-01-31,"Delatolla","Ottawa","hosp.adm",4,480
"OTW",2021-01-31,"Delatolla","Ottawa","hosp.occ",32,480
"OTW",2021-02-01,"Delatolla","Ottawa","clinical.cases",16,245
"OTW",2021-02-01,"Delatolla","Ottawa","hosp.adm",4,245
"OTW",2021-02-01,"Delatolla","Ottawa","hosp.occ",29,245
"OTW",2021-02-02,"Delatolla","Ottawa","clinical.cases",57,165
"OTW",2021-02-02,"Delatolla","Ottawa","hosp.adm",3,165
"OTW",2021-02-02,"Delatolla","Ottawa","hosp.occ",27,165
"OTW",2021-02-03,"Delatolla","Ottawa","clinical.cases",37,540
"OTW",2021-02-03,"Delatolla","Ottawa","hosp.adm",2,540
"OTW",2021-02-03,"Delatolla","Ottawa","hosp.occ",26,540
"OTW",2021-02-04,"Delatolla","Ottawa","clinical.cases",36,285
"OTW",2021-02-04,"Delatolla","Ottawa","hosp.adm",2,285
"OTW",2021-02-04,"Delatolla","Ottawa","hosp.occ",25,285
"OTW",2021-02-05,"Delatolla","Ottawa","clinical.cases",39,420
"OTW",2021-02-05,"Delatolla","Ottawa","hosp.adm",2,420
"OTW",2021-02-05,"Delatolla","Ottawa","hosp.occ",21,420
"OTW",2021-02-06,"Delatolla","Ottawa","clinical.cases",37,340
"OTW",2021-02-06,"Delatolla","Ottawa","hosp.adm",3,340
"OTW",2021-02-06,"Delatolla","Ottawa","hosp.occ",21,340
"OTW",2021-02-07,"Delatolla","Ottawa","clinical.cases",25,405
"OTW",2021-02-07,"Delatolla","Ottawa","hosp.adm",3,405
"OTW",2021-02-07,"Delatolla","Ottawa","hosp.occ",23,405
"OTW",2021-02-08,"Delatolla","Ottawa","clinical.cases",12,230
"OTW",2021-02-08,"Delatolla","Ottawa","hosp.adm",2,230
"OTW",2021-02-08,"Delatolla","Ottawa","hosp.occ",21,230
"OTW",2021-02-10,"Delatolla","Ottawa","clinical.cases",35,115
"OTW",2021-02-10,"Delatolla","Ottawa","hosp.adm",3,115
"OTW",2021-02-10,"Delatolla","Ottawa","hosp.occ",20,115
"OTW",2021-02-11,"Delatolla","Ottawa","clinical.cases",39,190
"OTW",2021-02-11,"Delatolla","Ottawa","hosp.adm",1,190
"OTW",2021-02-11,"Delatolla","Ottawa","hosp.occ",16,190
"OTW",2021-02-12,"Delatolla","Ottawa","clinical.cases",41,430
"OTW",2021-02-12,"Delatolla","Ottawa","hosp.adm",3,430
"OTW",2021-02-12,"Delatolla","Ottawa","hosp.occ",16,430
"OTW",2021-02-13,"Delatolla","Ottawa","clinical.cases",47,350
"OTW",2021-02-13,"Delatolla","Ottawa","hosp.adm",6,350
"OTW",2021-02-13,"Delatolla","Ottawa","hosp.occ",21,350
"OTW",2021-02-14,"Delatolla","Ottawa","clinical.cases",20,350
"OTW",2021-02-14,"Delatolla","Ottawa","hosp.adm",4,350
"OTW",2021-02-14,"Delatolla","Ottawa","hosp.occ",21,350
"OTW",2021-02-15,"Delatolla","Ottawa","clinical.cases",23,170
"OTW",2021-02-15,"Delatolla","Ottawa","hosp.adm",4,170
"OTW",2021-02-15,"Delatolla","Ottawa","hosp.occ",23,170
"OTW",2021-02-16,"Delatolla","Ottawa","clinical.cases",52,230
"OTW",2021-02-16,"Delatolla","Ottawa","hosp.adm",3,230
"OTW",2021-02-16,"Delatolla","Ottawa","hosp.occ",24,230
"OTW",2021-02-17,"Delatolla","Ottawa","clinical.cases",38,270
"OTW",2021-02-17,"Delatolla","Ottawa","hosp.adm",2,270
"OTW",2021-02-17,"Delatolla","Ottawa","hosp.occ",25,270
"OTW",2021-02-18,"Delatolla","Ottawa","clinical.cases",50,250
"OTW",2021-02-18,"Delatolla","Ottawa","hosp.adm",3,250
"OTW",2021-02-18,"Delatolla","Ottawa","hosp.occ",26,250
"OTW",2021-02-19,"Delatolla","Ottawa","clinical.cases",39,235
"OTW",2021-02-19,"Delatolla","Ottawa","hosp.adm",1,235
"OTW",2021-02-19,"Delatolla","Ottawa","hosp.occ",26,235
"OTW",2021-02-20,"Delatolla","Ottawa","clinical.cases",61,260
"OTW",2021-02-20,"Delatolla","Ottawa","hosp.adm",4,260
"OTW",2021-02-20,"Delatolla","Ottawa","hosp.occ",26,260
"OTW",2021-02-21,"Delatolla","Ottawa","clinical.cases",30,195
"OTW",2021-02-21,"Delatolla","Ottawa","hosp.adm",2,195
"OTW",2021-02-21,"Delatolla","Ottawa","hosp.occ",24,195
"OTW",2021-02-22,"Delatolla","Ottawa","clinical.cases",13,325
"OTW",2021-02-22,"Delatolla","Ottawa","hosp.adm",1,325
"OTW",2021-02-22,"Delatolla","Ottawa","hosp.occ",23,325
"OTW",2021-02-23,"Delatolla","Ottawa","clinical.cases",40,320
"OTW",2021-02-23,"Delatolla","Ottawa","hosp.adm",3,320
"OTW",2021-02-23,"Delatolla","Ottawa","hosp.occ",25,320
"OTW",2021-02-24,"Delatolla","Ottawa","clinical.cases",54,365
"OTW",2021-02-24,"Delatolla","Ottawa","hosp.adm",1,365
"OTW",2021-02-24,"Delatolla","Ottawa","hosp.occ",24,365
"OTW",2021-02-26,"Delatolla","Ottawa","clinical.cases",48,255
"OTW",2021-02-26,"Delatolla","Ottawa","hosp.adm",1,255
"OTW",2021-02-26,"Delatolla","Ottawa","hosp.occ",21,255
"OTW",2021-02-27,"Delatolla","Ottawa","clinical.cases",54,455
"OTW",2021-02-27,"Delatolla","Ottawa","hosp.adm",3,455
"OTW",2021-02-27,"Delatolla","Ottawa","hosp.occ",23,455
"OTW",2021-02-28,"Delatolla","Ottawa","clinical.cases",40,795
"OTW",2021-02-28,"Delatolla","Ottawa","hosp.adm",7,795
"OTW",2021-02-28,"Delatolla","Ottawa","hosp.occ",28,795
"OTW",2021-03-01,"Delatolla","Ottawa","clinical.cases",29,465
"OTW",2021-03-01,"Delatolla","Ottawa","hosp.adm",3,465
"OTW",2021-03-01,"Delatolla","Ottawa","hosp.occ",29,465
"OTW",2021-03-02,"Delatolla","Ottawa","clinical.cases",52,775
"OTW",2021-03-02,"Delatolla","Ottawa","hosp.adm",3,775
"OTW",2021-03-02,"Delatolla","Ottawa","hosp.occ",29,775
"OTW",2021-03-03,"Delatolla","Ottawa","clinical.cases",56,840
"OTW",2021-03-03,"Delatolla","Ottawa","hosp.adm",6,840
"OTW",2021-03-03,"Delatolla","Ottawa","hosp.occ",32,840
"OTW",2021-03-05,"Delatolla","Ottawa","clinical.cases",46,620
"OTW",2021-03-05,"Delatolla","Ottawa","hosp.adm",1,620
"OTW",2021-03-05,"Delatolla","Ottawa","hosp.occ",28,620
"OTW",2021-03-06,"Delatolla","Ottawa","clinical.cases",41,595
"OTW",2021-03-06,"Delatolla","Ottawa","hosp.adm",0,595
"OTW",2021-03-06,"Delatolla","Ottawa","hosp.occ",26,595
"OTW",2021-03-07,"Delatolla","Ottawa","clinical.cases",35,625
"OTW",2021-03-07,"Delatolla","Ottawa","hosp.adm",2,625
"OTW",2021-03-07,"Delatolla","Ottawa","hosp.occ",25,625
"OTW",2021-03-08,"Delatolla","Ottawa","clinical.cases",24,470
"OTW",2021-03-08,"Delatolla","Ottawa","hosp.adm",6,470
"OTW",2021-03-08,"Delatolla","Ottawa","hosp.occ",29,470
"OTW",2021-03-09,"Delatolla","Ottawa","clinical.cases",67,130
"OTW",2021-03-09,"Delatolla","Ottawa","hosp.adm",1,130
"OTW",2021-03-09,"Delatolla","Ottawa","hosp.occ",27,130
"OTW",2021-03-10,"Delatolla","Ottawa","clinical.cases",48,2205
"OTW",2021-03-10,"Delatolla","Ottawa","hosp.adm",0,2205
"OTW",2021-03-10,"Delatolla","Ottawa","hosp.occ",24,2205
"OTW",2021-03-11,"Delatolla","Ottawa","clinical.cases",65,160
"OTW",2021-03-11,"Delatolla","Ottawa","hosp.adm",1,160
"OTW",2021-03-11,"Delatolla","Ottawa","hosp.occ",20,160
"OTW",2021-03-12,"Delatolla","Ottawa","clinical.cases",54,110
"OTW",2021-03-12,"Delatolla","Ottawa","hosp.adm",2,110
"OTW",2021-03-12,"Delatolla","Ottawa","hosp.occ",17,110
"OTW",2021-03-13,"Delatolla","Ottawa","clinical.cases",44,115
"OTW",2021-03-13,"Delatolla","Ottawa","hosp.adm",5,115
"OTW",2021-03-13,"Delatolla","Ottawa","hosp.occ",22,115
"OTW",2021-03-14,"Delatolla","Ottawa","clinical.cases",46,650
"OTW",2021-03-14,"Delatolla","Ottawa","hosp.adm",2,650
"OTW",2021-03-14,"Delatolla","Ottawa","hosp.occ",23,650
"OTW",2021-03-15,"Delatolla","Ottawa","clinical.cases",32,865
"OTW",2021-03-15,"Delatolla","Ottawa","hosp.adm",4,865
"OTW",2021-03-15,"Delatolla","Ottawa","hosp.occ",25,865
"OTW",2021-03-16,"Delatolla","Ottawa","clinical.cases",54,390
"OTW",2021-03-16,"Delatolla","Ottawa","hosp.adm",5,390
"OTW",2021-03-16,"Delatolla","Ottawa","hosp.occ",27,390
"OTW",2021-03-17,"Delatolla","Ottawa","clinical.cases",76,265
"OTW",2021-03-17,"Delatolla","Ottawa","hosp.adm",3,265
"OTW",2021-03-17,"Delatolla","Ottawa","hosp.occ",27,265
"OTW",2021-03-18,"Delatolla","Ottawa","clinical.cases",73,70
"OTW",2021-03-18,"Delatolla","Ottawa","hosp.adm",2,70
"OTW",2021-03-18,"Delatolla","Ottawa","hosp.occ",24,70
"OTW",2021-03-19,"Delatolla","Ottawa","clinical.cases",100,50
"OTW",2021-03-19,"Delatolla","Ottawa","hosp.adm",2,50
"OTW",2021-03-19,"Delatolla","Ottawa","hosp.occ",24,50
"OTW",2021-03-20,"Delatolla","Ottawa","clinical.cases",88,55
"OTW",2021-03-20,"Delatolla","Ottawa","hosp.adm",4,55
"OTW",2021-03-20,"Delatolla","Ottawa","hosp.occ",27,55
"OTW",2021-03-21,"Delatolla","Ottawa","clinical.cases",55,65
"OTW",2021-03-21,"Delatolla","Ottawa","hosp.adm",4,65
"OTW",2021-03-21,"Delatolla","Ottawa","hosp.occ",29,65
"OTW",2021-03-22,"Delatolla","Ottawa","clinical.cases",63,255
"OTW",2021-03-22,"Delatolla","Ottawa","hosp.adm",4,255
"OTW",2021-03-22,"Delatolla","Ottawa","hosp.occ",30,255
"OTW",2021-03-23,"Delatolla","Ottawa","clinical.cases",69,95
"OTW",2021-03-23,"Delatolla","Ottawa","hosp.adm",5,95
"OTW",2021-03-23,"Delatolla","Ottawa","hosp.occ",31,95
"OTW",2021-03-24,"Delatolla","Ottawa","clinical.cases",142,600
"OTW",2021-03-24,"Delatolla","Ottawa","hosp.adm",4,600
"OTW",2021-03-24,"Delatolla","Ottawa","hosp.occ",33,600
"OTW",2021-03-25,"Delatolla","Ottawa","clinical.cases",114,125
"OTW",2021-03-25,"Delatolla","Ottawa","hosp.adm",8,125
"OTW",2021-03-25,"Delatolla","Ottawa","hosp.occ",40,125
"OTW",2021-03-26,"Delatolla","Ottawa","clinical.cases",161,160
"OTW",2021-03-26,"Delatolla","Ottawa","hosp.adm",4,160
"OTW",2021-03-26,"Delatolla","Ottawa","hosp.occ",42,160
"OTW",2021-03-27,"Delatolla","Ottawa","clinical.cases",155,190
"OTW",2021-03-27,"Delatolla","Ottawa","hosp.adm",5,190
"OTW",2021-03-27,"Delatolla","Ottawa","hosp.occ",44,190
"OTW",2021-03-28,"Delatolla","Ottawa","clinical.cases",205,870
"OTW",2021-03-28,"Delatolla","Ottawa","hosp.adm",5,870
"OTW",2021-03-28,"Delatolla","Ottawa","hosp.occ",45,870
"OTW",2021-03-29,"Delatolla","Ottawa","clinical.cases",138,1210
"OTW",2021-03-29,"Delatolla","Ottawa","hosp.adm",4,1210
"OTW",2021-03-29,"Delatolla","Ottawa","hosp.occ",47,1210
"OTW",2021-03-30,"Delatolla","Ottawa","clinical.cases",80,1390
"OTW",2021-03-30,"Delatolla","Ottawa","hosp.adm",6,1390
"OTW",2021-03-30,"Delatolla","Ottawa","hosp.occ",48,1390
"OTW",2021-03-31,"Delatolla","Ottawa","clinical.cases",240,60
"OTW",2021-03-31,"Delatolla","Ottawa","hosp.adm",8,60
"OTW",2021-03-31,"Delatolla","Ottawa","hosp.occ",54,60
"OTW",2021-04-01,"Delatolla","Ottawa","clinical.cases",191,850
"OTW",2021-04-01,"Delatolla","Ottawa","hosp.adm",4,850
"OTW",2021-04-01,"Delatolla","Ottawa","hosp.occ",53,850
"OTW",2021-04-02,"Delatolla","Ottawa","clinical.cases",294,1210
"OTW",2021-04-02,"Delatolla","Ottawa","hosp.adm",6,1210
"OTW",2021-04-02,"Delatolla","Ottawa","hosp.occ",57,1210
"OTW",2021-04-03,"Delatolla","Ottawa","clinical.cases",294,1650
"OTW",2021-04-03,"Delatolla","Ottawa","hosp.adm",11,1650
"OTW",2021-04-03,"Delatolla","Ottawa","hosp.occ",61,1650
"OTW",2021-04-04,"Delatolla","Ottawa","clinical.cases",169,1425
"OTW",2021-04-04,"Delatolla","Ottawa","hosp.adm",12,1425
"OTW",2021-04-04,"Delatolla","Ottawa","hosp.occ",64,1425
"OTW",2021-04-05,"Delatolla","Ottawa","clinical.cases",216,2480
"OTW",2021-04-05,"Delatolla","Ottawa","hosp.adm",5,2480
"OTW",2021-04-05,"Delatolla","Ottawa","hosp.occ",67,2480
"OTW",2021-04-06,"Delatolla","Ottawa","clinical.cases",225,1055
"OTW",2021-04-06,"Delatolla","Ottawa","hosp.adm",10,1055
"OTW",2021-04-06,"Delatolla","Ottawa","hosp.occ",70,1055
"OTW",2021-04-07,"Delatolla","Ottawa","clinical.cases",330,665
"OTW",2021-04-07,"Delatolla","Ottawa","hosp.adm",12,665
"OTW",2021-04-07,"Delatolla","Ottawa","hosp.occ",76,665
"OTW",2021-04-08,"Delatolla","Ottawa","clinical.cases",291,1035
"OTW",2021-04-08,"Delatolla","Ottawa","hosp.adm",10,1035
"OTW",2021-04-08,"Delatolla","Ottawa","hosp.occ",83,1035
"OTW",2021-04-09,"Delatolla","Ottawa","clinical.cases",377,555
"OTW",2021-04-09,"Delatolla","Ottawa","hosp.adm",14,555
"OTW",2021-04-09,"Delatolla","Ottawa","hosp.occ",88,555
"OTW",2021-04-10,"Delatolla","Ottawa","clinical.cases",279,385
"OTW",2021-04-10,"Delatolla","Ottawa","hosp.adm",14,385
"OTW",2021-04-10,"Delatolla","Ottawa","hosp.occ",92,385
"OTW",2021-04-11,"Delatolla","Ottawa","clinical.cases",396,510
"OTW",2021-04-11,"Delatolla","Ottawa","hosp.adm",13,510
"OTW",2021-04-11,"Delatolla","Ottawa","hosp.occ",100,510
"OTW",2021-04-12,"Delatolla","Ottawa","clinical.cases",171,825
"OTW",2021-04-12,"Delatolla","Ottawa","hosp.adm",16,825
"OTW",2021-04-12,"Delatolla","Ottawa","hosp.occ",100,825
"OTW",2021-04-13,"Delatolla","Ottawa","clinical.cases",205,695
"OTW",2021-04-13,"Delatolla","Ottawa","hosp.adm",12,695
"OTW",2021-04-13,"Delatolla","Ottawa","hosp.occ",104,695
"OTW",2021-04-15,"Delatolla","Ottawa","clinical.cases",512,1380
"OTW",2021-04-15,"Delatolla","Ottawa","hosp.adm",19,1380
"OTW",2021-04-15,"Delatolla","Ottawa","hosp.occ",107,1380
"OTW",2021-04-16,"Delatolla","Ottawa","clinical.cases",359,490
"OTW",2021-04-16,"Delatolla","Ottawa","hosp.adm",20,490
"OTW",2021-04-16,"Delatolla","Ottawa","hosp.occ",114,490
"OTW",2021-04-17,"Delatolla","Ottawa","clinical.cases",300,570
"OTW",2021-04-17,"Delatolla","Ottawa","hosp.adm",16,570
"OTW",2021-04-17,"Delatolla","Ottawa","hosp.occ",123,570
"OTW",2021-04-18,"Delatolla","Ottawa","clinical.cases",129,545
"OTW",2021-04-18,"Delatolla","Ottawa","hosp.adm",10,545
"OTW",2021-04-18,"Delatolla","Ottawa","hosp.occ",121,545
"OTW",2021-04-19,"Delatolla","Ottawa","clinical.cases",237,900
"OTW",2021-04-19,"Delatolla","Ottawa","hosp.adm",22,900
"OTW",2021-04-19,"Delatolla","Ottawa","hosp.occ",115,900
"OTW",2021-04-20,"Delatolla","Ottawa","clinical.cases",279,545
"OTW",2021-04-20,"Delatolla","Ottawa","hosp.adm",17,545
"OTW",2021-04-20,"Delatolla","Ottawa","hosp.occ",118,545
"OTW",2021-04-21,"Delatolla","Ottawa","clinical.cases",350,460
"OTW",2021-04-21,"Delatolla","Ottawa","hosp.adm",12,460
"OTW",2021-04-21,"Delatolla","Ottawa","hosp.occ",110,460
"OTW",2021-04-22,"Delatolla","Ottawa","clinical.cases",387,755
"OTW",2021-04-22,"Delatolla","Ottawa","hosp.adm",14,755
"OTW",2021-04-22,"Delatolla","Ottawa","hosp.occ",106,755
"OTW",2021-04-23,"Delatolla","Ottawa","clinical.cases",203,620
"OTW",2021-04-23,"Delatolla","Ottawa","hosp.adm",21,620
"OTW",2021-04-23,"Delatolla","Ottawa","hosp.occ",112,620
"OTW",2021-04-24,"Delatolla","Ottawa","clinical.cases",211,550
"OTW",2021-04-24,"Delatolla","Ottawa","hosp.adm",18,550
"OTW",2021-04-24,"Delatolla","Ottawa","hosp.occ",118,550
"OTW",2021-04-25,"Delatolla","Ottawa","clinical.cases",222,510
"OTW",2021-04-25,"Delatolla","Ottawa","hosp.adm",21,510
"OTW",2021-04-25,"Delatolla","Ottawa","hosp.occ",124,510
"OTW",2021-04-26,"Delatolla","Ottawa","clinical.cases",150,660
"OTW",2021-04-26,"Delatolla","Ottawa","hosp.adm",11,660
"OTW",2021-04-26,"Delatolla","Ottawa","hosp.occ",122,660
"OTW",2021-04-27,"Delatolla","Ottawa","clinical.cases",151,325
"OTW",2021-04-27,"Delatolla","Ottawa","hosp.adm",10,325
"OTW",2021-04-27,"Delatolla","Ottawa","hosp.occ",119,325
"OTW",2021-04-28,"Delatolla","Ottawa","clinical.cases",166,505
"OTW",2021-04-28,"Delatolla","Ottawa","hosp.adm",13,505
"OTW",2021-04-28,"Delatolla","Ottawa","hosp.occ",114,505
"OTW",2021-04-29,"Delatolla","Ottawa","clinical.cases",179,240
"OTW",2021-04-29,"Delatolla","Ottawa","hosp.adm",13,240
"OTW",2021-04-29,"Delatolla","Ottawa","hosp.occ",112,240
"OTW",2021-04-30,"Delatolla","Ottawa","clinical.cases",142,525
"OTW",2021-04-30,"Delatolla","Ottawa","hosp.adm",13,525
"OTW",2021-04-30,"Delatolla","Ottawa","hosp.occ",109,525
"OTW",2021-05-01,"Delatolla","Ottawa","clinical.cases",186,690
"OTW",2021-05-01,"Delatolla","Ottawa","hosp.adm",7,690
"OTW",2021-05-01,"Delatolla","Ottawa","hosp.occ",110,690
"OTW",2021-05-03,"Delatolla","Ottawa","clinical.cases",171,640
"OTW",2021-05-03,"Delatolla","Ottawa","hosp.adm",10,640
"OTW",2021-05-03,"Delatolla","Ottawa","hosp.occ",98,640
"OTW",2021-05-04,"Delatolla","Ottawa","clinical.cases",94,590
"OTW",2021-05-04,"Delatolla","Ottawa","hosp.adm",9,590
"OTW",2021-05-04,"Delatolla","Ottawa","hosp.occ",95,590
"OTW",2021-05-05,"Delatolla","Ottawa","clinical.cases",150,250
"OTW",2021-05-05,"Delatolla","Ottawa","hosp.adm",8,250
"OTW",2021-05-05,"Delatolla","Ottawa","hosp.occ",89,250
"OTW",2021-05-06,"Delatolla","Ottawa","clinical.cases",114,505
"OTW",2021-05-06,"Delatolla","Ottawa","hosp.adm",12,505
"OTW",2021-05-06,"Delatolla","Ottawa","hosp.occ",88,505
"OTW",2021-05-07,"Delatolla","Ottawa","clinical.cases",109,440
"OTW",2021-05-07,"Delatolla","Ottawa","hosp.adm",19,440
"OTW",2021-05-07,"Delatolla","Ottawa","hosp.occ",95,440
"OTW",2021-05-08,"Delatolla","Ottawa","clinical.cases",94,540
"OTW",2021-05-08,"Delatolla","Ottawa","hosp.adm",4,540
"OTW",2021-05-08,"Delatolla","Ottawa","hosp.occ",86,540
"OTW",2021-05-09,"Delatolla","Ottawa","clinical.cases",203,450
"OTW",2021-05-09,"Delatolla","Ottawa","hosp.adm",4,450
"OTW",2021-05-09,"Delatolla","Ottawa","hosp.occ",83,450
"OTW",2021-05-10,"Delatolla","Ottawa","clinical.cases",75,590
"OTW",2021-05-10,"Delatolla","Ottawa","hosp.adm",9,590
"OTW",2021-05-10,"Delatolla","Ottawa","hosp.occ",85,590
"OTW",2021-05-11,"Delatolla","Ottawa","clinical.cases",89,475
"OTW",2021-05-11,"Delatolla","Ottawa","hosp.adm",5,475
"OTW",2021-05-11,"Delatolla","Ottawa","hosp.occ",79,475
"OTW",2021-05-12,"Delatolla","Ottawa","clinical.cases",106,185
"OTW",2021-05-12,"Delatolla","Ottawa","hosp.adm",8,185
"OTW",2021-05-12,"Delatolla","Ottawa","hosp.occ",80,185
"OTW",2021-05-13,"Delatolla","Ottawa","clinical.cases",135,630
"OTW",2021-05-13,"Delatolla","Ottawa","hosp.adm",7,630
"OTW",2021-05-13,"Delatolla","Ottawa","hosp.occ",77,630
"OTW",2021-05-14,"Delatolla","Ottawa","clinical.cases",82,280
"OTW",2021-05-14,"Delatolla","Ottawa","hosp.adm",7,280
"OTW",2021-05-14,"Delatolla","Ottawa","hosp.occ",70,280
"OTW",2021-05-15,"Delatolla","Ottawa","clinical.cases",93,225
"OTW",2021-05-15,"Delatolla","Ottawa","hosp.adm",7,225
"OTW",2021-05-15,"Delatolla","Ottawa","hosp.occ",64,225
"OTW",2021-05-16,"Delatolla","Ottawa","clinical.cases",33,280
"OTW",2021-05-16,"Delatolla","Ottawa","hosp.adm",7,280
"OTW",2021-05-16,"Delatolla","Ottawa","hosp.occ",67,280
"OTW",2021-05-17,"Delatolla","Ottawa","clinical.cases",178,220
"OTW",2021-05-17,"Delatolla","Ottawa","hosp.adm",10,220
"OTW",2021-05-17,"Delatolla","Ottawa","hosp.occ",71,220
"OTW",2021-05-18,"Delatolla","Ottawa","clinical.cases",51,275
"OTW",2021-05-18,"Delatolla","Ottawa","hosp.adm",5,275
"OTW",2021-05-18,"Delatolla","Ottawa","hosp.occ",64,275
"OTW",2021-05-19,"Delatolla","Ottawa","clinical.cases",138,160
"OTW",2021-05-19,"Delatolla","Ottawa","hosp.adm",4,160
"OTW",2021-05-19,"Delatolla","Ottawa","hosp.occ",57,160
"OTW",2021-05-20,"Delatolla","Ottawa","clinical.cases",78,85
"OTW",2021-05-20,"Delatolla","Ottawa","hosp.adm",11,85
"OTW",2021-05-20,"Delatolla","Ottawa","hosp.occ",63,85
"OTW",2021-05-21,"Delatolla","Ottawa","clinical.cases",70,90
"OTW",2021-05-21,"Delatolla","Ottawa","hosp.adm",3,90
"OTW",2021-05-21,"Delatolla","Ottawa","hosp.occ",58,90
"OTW",2021-05-22,"Delatolla","Ottawa","clinical.cases",87,175
"OTW",2021-05-22,"Delatolla","Ottawa","hosp.adm",8,175
"OTW",2021-05-22,"Delatolla","Ottawa","hosp.occ",57,175
"OTW",2021-05-23,"Delatolla","Ottawa","clinical.cases",32,105
"OTW",2021-05-23,"Delatolla","Ottawa","hosp.adm",5,105
"OTW",2021-05-23,"Delatolla","Ottawa","hosp.occ",58,105
"OTW",2021-05-24,"Delatolla","Ottawa","clinical.cases",61,100
"OTW",2021-05-24,"Delatolla","Ottawa","hosp.adm",5,100
"OTW",2021-05-24,"Delatolla","Ottawa","hosp.occ",56,100
"OTW",2021-05-25,"Delatolla","Ottawa","clinical.cases",68,210
"OTW",2021-05-25,"Delatolla","Ottawa","hosp.adm",3,210
"OTW",2021-05-25,"Delatolla","Ottawa","hosp.occ",53,210
"OTW",2021-05-26,"Delatolla","Ottawa","clinical.cases",47,215
"OTW",2021-05-26,"Delatolla","Ottawa","hosp.adm",1,215
"OTW",2021-05-26,"Delatolla","Ottawa","hosp.occ",46,215
"OTW",2021-05-27,"Delatolla","Ottawa","clinical.cases",76,345
"OTW",2021-05-27,"Delatolla","Ottawa","hosp.adm",3,345
"OTW",2021-05-27,"Delatolla","Ottawa","hosp.occ",41,345
"OTW",2021-05-28,"Delatolla","Ottawa","clinical.cases",58,515
"OTW",2021-05-28,"Delatolla","Ottawa","hosp.adm",1,515
"OTW",2021-05-28,"Delatolla","Ottawa","hosp.occ",33,515
"OTW",2021-05-29,"Delatolla","Ottawa","clinical.cases",27,455
"OTW",2021-05-29,"Delatolla","Ottawa","hosp.adm",4,455
"OTW",2021-05-29,"Delatolla","Ottawa","hosp.occ",35,455
"OTW",2021-05-30,"Delatolla","Ottawa","clinical.cases",65,225
"OTW",2021-05-30,"Delatolla","Ottawa","hosp.adm",5,225
"OTW",2021-05-30,"Delatolla","Ottawa","hosp.occ",35,225
"OTW",2021-05-31,"Delatolla","Ottawa","clinical.cases",68,180
"OTW",2021-05-31,"Delatolla","Ottawa","hosp.adm",5,180
"OTW",2021-05-31,"Delatolla","Ottawa","hosp.occ",34,180
"OTW",2021-06-01,"Delatolla","Ottawa","clinical.cases",28,210
"OTW",2021-06-01,"Delatolla","Ottawa","hosp.adm",2,210
"OTW",2021-06-01,"Delatolla","Ottawa","hosp.occ",30,210
"OTW",2021-06-02,"Delatolla","Ottawa","clinical.cases",73,90
"OTW",2021-06-02,"Delatolla","Ottawa","hosp.adm",1,90
"OTW",2021-06-02,"Delatolla","Ottawa","hosp.occ",29,90
"OTW",2021-06-03,"Delatolla","Ottawa","clinical.cases",16,255
"OTW",2021-06-03,"Delatolla","Ottawa","hosp.adm",2,255
"OTW",2021-06-03,"Delatolla","Ottawa","hosp.occ",28,255
"OTW",2021-06-04,"Delatolla","Ottawa","clinical.cases",58,75
"OTW",2021-06-04,"Delatolla","Ottawa","hosp.adm",3,75
"OTW",2021-06-04,"Delatolla","Ottawa","hosp.occ",28,75
"OTW",2021-06-05,"Delatolla","Ottawa","clinical.cases",18,140
"OTW",2021-06-05,"Delatolla","Ottawa","hosp.adm",2,140
"OTW",2021-06-05,"Delatolla","Ottawa","hosp.occ",29,140
"OTW",2021-06-07,"Delatolla","Ottawa","clinical.cases",7,130
"OTW",2021-06-07,"Delatolla","Ottawa","hosp.adm",1,130
"OTW",2021-06-07,"Delatolla","Ottawa","hosp.occ",26,130
"OTW",2021-06-08,"Delatolla","Ottawa","clinical.cases",43,520
"OTW",2021-06-08,"Delatolla","Ottawa","hosp.adm",1,520
"OTW",2021-06-08,"Delatolla","Ottawa","hosp.occ",25,520
"OTW",2021-06-09,"Delatolla","Ottawa","clinical.cases",72,525
"OTW",2021-06-09,"Delatolla","Ottawa","hosp.adm",2,525
"OTW",2021-06-09,"Delatolla","Ottawa","hosp.occ",23,525
"OTW",2021-06-10,"Delatolla","Ottawa","clinical.cases",35,415
"OTW",2021-06-10,"Delatolla","Ottawa","hosp.adm",2,415
"OTW",2021-06-10,"Delatolla","Ottawa","hosp.occ",20,415
"OTW",2021-06-11,"Delatolla","Ottawa","clinical.cases",12,555
"OTW",2021-06-11,"Delatolla","Ottawa","hosp.adm",1,555
"OTW",2021-06-11,"Delatolla","Ottawa","hosp.occ",15,555
"OTW",2021-06-12,"Delatolla","Ottawa","clinical.cases",12,510
"OTW",2021-06-12,"Delatolla","Ottawa","hosp.adm",2,510
"OTW",2021-06-12,"Delatolla","Ottawa","hosp.occ",16,510
"OTW",2021-06-13,"Delatolla","Ottawa","clinical.cases",67,280
"OTW",2021-06-13,"Delatolla","Ottawa","hosp.adm",2,280
"OTW",2021-06-13,"Delatolla","Ottawa","hosp.occ",15,280
"OTW",2021-06-14,"Delatolla","Ottawa","clinical.cases",37,365
"OTW",2021-06-14,"Delatolla","Ottawa","hosp.adm",2,365
"OTW",2021-06-14,"Delatolla","Ottawa","hosp.occ",14,365
"OTW",2021-06-15,"Delatolla","Ottawa","clinical.cases",24,205
"OTW",2021-06-15,"Delatolla","Ottawa","hosp.adm",0,205
"OTW",2021-06-15,"Delatolla","Ottawa","hosp.occ",14,205
"OTW",2021-06-16,"Delatolla","Ottawa","clinical.cases",21,290
"OTW",2021-06-16,"Delatolla","Ottawa","hosp.adm",1,290
"OTW",2021-06-16,"Delatolla","Ottawa","hosp.occ",12,290
"OTW",2021-06-17,"Delatolla","Ottawa","clinical.cases",25,175
"OTW",2021-06-17,"Delatolla","Ottawa","hosp.adm",0,175
"OTW",2021-06-17,"Delatolla","Ottawa","hosp.occ",11,175
"OTW",2021-06-18,"Delatolla","Ottawa","clinical.cases",13,265
"OTW",2021-06-18,"Delatolla","Ottawa","hosp.adm",1,265
"OTW",2021-06-18,"Delatolla","Ottawa","hosp.occ",12,265
"OTW",2021-06-19,"Delatolla","Ottawa","clinical.cases",17,375
"OTW",2021-06-19,"Delatolla","Ottawa","hosp.adm",0,375
"OTW",2021-06-19,"Delatolla","Ottawa","hosp.occ",11,375
"OTW",2021-06-20,"Delatolla","Ottawa","clinical.cases",11,670
"OTW",2021-06-20,"Delatolla","Ottawa","hosp.adm",0,670
"OTW",2021-06-20,"Delatolla","Ottawa","hosp.occ",11,670
"OTW",2021-06-21,"Delatolla","Ottawa","clinical.cases",9,355
"OTW",2021-06-21,"Delatolla","Ottawa","hosp.adm",2,355
"OTW",2021-06-21,"Delatolla","Ottawa","hosp.occ",10,355
"OTW",2021-06-22,"Delatolla","Ottawa","clinical.cases",16,190
"OTW",2021-06-22,"Delatolla","Ottawa","hosp.adm",0,190
"OTW",2021-06-22,"Delatolla","Ottawa","hosp.occ",7,190
"OTW",2021-06-23,"Delatolla","Ottawa","clinical.cases",8,140
"OTW",2021-06-23,"Delatolla","Ottawa","hosp.adm",0,140
"OTW",2021-06-23,"Delatolla","Ottawa","hosp.occ",5,140
"OTW",2021-06-24,"Delatolla","Ottawa","clinical.cases",9,465
"OTW",2021-06-24,"Delatolla","Ottawa","hosp.adm",1,465
"OTW",2021-06-24,"Delatolla","Ottawa","hosp.occ",5,465
"OTW",2021-06-25,"Delatolla","Ottawa","clinical.cases",3,150
"OTW",2021-06-25,"Delatolla","Ottawa","hosp.adm",2,150
"OTW",2021-06-25,"Delatolla","Ottawa","hosp.occ",7,150
"OTW",2021-06-26,"Delatolla","Ottawa","clinical.cases",4,205
"OTW",2021-06-26,"Delatolla","Ottawa","hosp.adm",1,205
"OTW",2021-06-26,"Delatolla","Ottawa","hosp.occ",7,205
"OTW",2021-06-27,"Delatolla","Ottawa","clinical.cases",8,140
"OTW",2021-06-27,"Delatolla","Ottawa","hosp.adm",0,140
"OTW",2021-06-27,"Delatolla","Ottawa","hosp.occ",6,140
"OTW",2021-06-28,"Delatolla","Ottawa","clinical.cases",1,135
"OTW",2021-06-28,"Delatolla","Ottawa","hosp.adm",0,135
"OTW",2021-06-28,"Delatolla","Ottawa","hosp.occ",5,135
"OTW",2021-06-29,"Delatolla","Ottawa","clinical.cases",6,240
"OTW",2021-06-29,"Delatolla","Ottawa","hosp.adm",0,240
"OTW",2021-06-29,"Delatolla","Ottawa","hosp.occ",4,240
"OTW",2021-06-30,"Delatolla","Ottawa","clinical.cases",2,110
"OTW",2021-06-30,"Delatolla","Ottawa","hosp.adm",0,110
"OTW",2021-06-30,"Delatolla","Ottawa","hosp.occ",2,110
"OTW",2021-07-01,"Delatolla","Ottawa","clinical.cases",2,105
"OTW",2021-07-01,"Delatolla","Ottawa","hosp.adm",0,105
"OTW",2021-07-01,"Delatolla","Ottawa","hosp.occ",1,105
"OTW",2021-07-02,"Delatolla","Ottawa","clinical.cases",8,160
"OTW",2021-07-02,"Delatolla","Ottawa","hosp.adm",2,160
"OTW",2021-07-02,"Delatolla","Ottawa","hosp.occ",2,160
"OTW",2021-07-03,"Delatolla","Ottawa","clinical.cases",2,165
"OTW",2021-07-03,"Delatolla","Ottawa","hosp.adm",0,165
"OTW",2021-07-03,"Delatolla","Ottawa","hosp.occ",1,165
"TAB",2020-09-28,"NML","Toronto","clinical.cases",134,0.0222457627118644
"TAB",2020-10-05,"NML","Toronto","clinical.cases",118,43.560140497524
"TAB",2020-10-12,"NML","Toronto","clinical.cases",99,23.1065949194362
"TAB",2020-10-18,"NML","Toronto","clinical.cases",171,7.82799461739005
"TAB",2020-10-25,"NML","Toronto","clinical.cases",188,79.781429894255
"TAB",2020-10-29,"NML","Toronto","clinical.cases",160,60.5443736651738
"TAB",2020-11-02,"NML","Toronto","clinical.cases",145,70.0308813490175
"TAB",2020-11-05,"NML","Toronto","clinical.cases",177,1.77291609783624
"TAB",2020-11-09,"NML","Toronto","clinical.cases",191,24.2600571867141
"TAB",2020-11-12,"NML","Toronto","clinical.cases",236,19.113610880569
"TAB",2020-11-16,"NML","Toronto","clinical.cases",209,8.9932561156621
"TAB",2020-11-19,"NML","Toronto","clinical.cases",220,42.4068735504744
"TAB",2020-11-23,"NML","Toronto","clinical.cases",217,49.4200156455685
"TAB",2020-11-26,"NML","Toronto","clinical.cases",264,32.0685021417717
"TAB",2020-11-30,"NML","Toronto","clinical.cases",271,33.1367663556864
"TAB",2020-12-03,"NML","Toronto","clinical.cases",265,105.279644209804
"TAB",2020-12-06,"NML","Toronto","clinical.cases",281,56.3629753412993
"TAB",2020-12-08,"NML","Toronto","clinical.cases",258,111.796669191448
"TAB",2020-12-10,"NML","Toronto","clinical.cases",270,80.9439581144196
"TAB",2020-12-13,"NML","Toronto","clinical.cases",313,NA
"TAB",2020-12-15,"NML","Toronto","clinical.cases",393,NA
"TAB",2020-12-17,"NML","Toronto","clinical.cases",391,NA
"TAB",2020-12-20,"NML","Toronto","clinical.cases",413,65.0405308246658
"TAB",2020-12-21,"NML","Toronto","clinical.cases",321,208.288677404507
"TAB",2020-12-22,"NML","Toronto","clinical.cases",404,96.8946899997516
"TAB",2021-01-05,"NML","Toronto","clinical.cases",506,328.237306034432
"TAB",2021-01-06,"NML","Toronto","clinical.cases",569,NA
"TAB",2021-01-07,"NML","Toronto","clinical.cases",913,213.81354087445
"TAB",2021-01-10,"NML","Toronto","clinical.cases",334,NA
"TAB",2021-01-12,"NML","Toronto","clinical.cases",511,68.3388400609493
"TAB",2021-01-14,"NML","Toronto","clinical.cases",449,88.3030522648384
"TAB",2021-01-17,"NML","Toronto","clinical.cases",305,0.00906735751295337
"TAB",2021-01-19,"NML","Toronto","clinical.cases",592,NA
"TAB",2021-01-21,"NML","Toronto","clinical.cases",385,40.0386163594603
"TAB",2021-01-24,"NML","Toronto","clinical.cases",358,35.6525380668463
"TAB",2021-01-26,"NML","Toronto","clinical.cases",371,77.1662554968668
"TAB",2021-01-28,"NML","Toronto","clinical.cases",300,96.4732260312254
"TAB",2021-01-31,"NML","Toronto","clinical.cases",323,39.8456311637156
"TAB",2021-02-02,"NML","Toronto","clinical.cases",304,122.087402540598
"TAB",2021-02-04,"NML","Toronto","clinical.cases",237,86.6452806271146
"TAB",2021-02-07,"NML","Toronto","clinical.cases",218,61.8725292984121
"TAB",2021-02-09,"NML","Toronto","clinical.cases",208,168.44694516734
"TAB",2021-02-11,"NML","Toronto","clinical.cases",201,113.342227411821
"TAB",2021-02-14,"NML","Toronto","clinical.cases",109,34.4139469720907
"TAB",2021-02-16,"NML","Toronto","clinical.cases",172,60.9789435762883
"TAB",2021-02-18,"NML","Toronto","clinical.cases",221,62.0246861400393
"TAB",2021-02-22,"NML","Toronto","clinical.cases",136,NA
"TAB",2021-02-23,"NML","Toronto","clinical.cases",235,48.8151705086923
"TAB",2021-02-25,"NML","Toronto","clinical.cases",214,119.227778292077
"TAB",2021-02-28,"NML","Toronto","clinical.cases",185,96.3638202649019
"TAB",2021-03-02,"NML","Toronto","clinical.cases",218,67.5181055694506
"TAB",2021-03-04,"NML","Toronto","clinical.cases",224,77.9237562001912
"TAB",2021-03-07,"NML","Toronto","clinical.cases",242,70.807496960593
"TAB",2021-03-09,"NML","Toronto","clinical.cases",208,93.7737823576565
"TAB",2021-03-11,"NML","Toronto","clinical.cases",239,61.7799923761223
"TAB",2021-03-14,"NML","Toronto","clinical.cases",233,107.099072056307
"TAB",2021-03-16,"NML","Toronto","clinical.cases",280,112.380856018699
"TAB",2021-03-18,"NML","Toronto","clinical.cases",303,NA
"TAB",2021-03-21,"NML","Toronto","clinical.cases",283,NA
"TAB",2021-03-23,"NML","Toronto","clinical.cases",349,148.036230733007
"TAB",2021-03-25,"NML","Toronto","clinical.cases",463,141.998502219264
"TAB",2021-03-28,"NML","Toronto","clinical.cases",343,60.4817885890479
"TAB",2021-03-30,"NML","Toronto","clinical.cases",491,256.858909808709
"TAB",2021-04-01,"NML","Toronto","clinical.cases",498,243.428830495961
"TAB",2021-04-04,"NML","Toronto","clinical.cases",515,275.915141599624
"TAB",2021-04-06,"NML","Toronto","clinical.cases",648,279.935073419102
"TAB",2021-04-08,"NML","Toronto","clinical.cases",672,276.863166199484
"TAB",2021-04-11,"NML","Toronto","clinical.cases",599,150.577478365186
"TAB",2021-04-13,"NML","Toronto","clinical.cases",664,138.003437732453
"TAB",2021-04-15,"NML","Toronto","clinical.cases",782,294.971075975424
"TAB",2021-04-18,"NML","Toronto","clinical.cases",717,143.998432379234
"TAB",2021-04-20,"NML","Toronto","clinical.cases",753,287.020844139153
"TAB",2021-04-22,"NML","Toronto","clinical.cases",598,225.140409400614
"TAB",2021-04-25,"NML","Toronto","clinical.cases",691,263.05450021006
"TAB",2021-04-27,"NML","Toronto","clinical.cases",602,304.625249116632
"TAB",2021-04-29,"NML","Toronto","clinical.cases",673,NA
"TAB",2021-05-02,"NML","Toronto","clinical.cases",540,217.269625466809
"TAB",2021-05-04,"NML","Toronto","clinical.cases",487,187.146805587494
"TAB",2021-05-09,"NML","Toronto","clinical.cases",383,141.753999738602
"TAB",2021-05-11,"NML","Toronto","clinical.cases",420,196.808353684195
"TAB",2021-05-16,"NML","Toronto","clinical.cases",271,169.47465235115
"TAB",2021-05-18,"NML","Toronto","clinical.cases",264,158.886116117642
"TAB",2021-05-23,"NML","Toronto","clinical.cases",185,41.1605436661827
"TAB",2021-05-25,"NML","Toronto","clinical.cases",134,35.4467260779238
"TAB",2021-05-30,"NML","Toronto","clinical.cases",96,62.8383387755926
"TAB",2021-06-01,"NML","Toronto","clinical.cases",109,62.7860795334653
"TAB",2021-06-06,"NML","Toronto","clinical.cases",72,43.0842085895312
"TAB",2021-06-10,"NML","Toronto","clinical.cases",43,NA
"TAB",2021-06-13,"NML","Toronto","clinical.cases",42,18.5715213357487
"TAB",2021-06-15,"NML","Toronto","clinical.cases",27,28.2512972622366
"TAB",2021-06-20,"NML","Toronto","clinical.cases",24,NA
"THC",2020-09-28,"NML","Toronto","clinical.cases",36,0.0213414634146341
"THC",2020-10-05,"NML","Toronto","clinical.cases",23,18.8157534813105
"THC",2020-10-12,"NML","Toronto","clinical.cases",58,39.6102220214463
"THC",2020-10-18,"NML","Toronto","clinical.cases",92,54.3159214985866
"THC",2020-10-25,"NML","Toronto","clinical.cases",104,117.469973519849
"THC",2020-10-29,"NML","Toronto","clinical.cases",90,122.013834130055
"THC",2020-11-02,"NML","Toronto","clinical.cases",93,9.28590278967097
"THC",2020-11-05,"NML","Toronto","clinical.cases",148,NA
"THC",2020-11-09,"NML","Toronto","clinical.cases",133,78.6089046983452
"THC",2020-11-12,"NML","Toronto","clinical.cases",152,46.1220382788447
"THC",2020-11-16,"NML","Toronto","clinical.cases",155,69.1979912804238
"THC",2020-11-19,"NML","Toronto","clinical.cases",159,87.254443150021
"THC",2020-11-23,"NML","Toronto","clinical.cases",134,243.511703190328
"THC",2020-11-26,"NML","Toronto","clinical.cases",213,NA
"THC",2020-11-30,"NML","Toronto","clinical.cases",141,NA
"THC",2020-12-03,"NML","Toronto","clinical.cases",164,66.7229783576135
"THC",2020-12-06,"NML","Toronto","clinical.cases",174,172.103054582731
"THC",2020-12-08,"NML","Toronto","clinical.cases",143,28.6063286162431
"THC",2020-12-10,"NML","Toronto","clinical.cases",130,97.9324920466545
"THC",2020-12-13,"NML","Toronto","clinical.cases",169,NA
"THC",2020-12-15,"NML","Toronto","clinical.cases",168,NA
"THC",2020-12-17,"NML","Toronto","clinical.cases",183,NA
"THC",2020-12-20,"NML","Toronto","clinical.cases",248,101.763050048013
"THC",2020-12-21,"NML","Toronto","clinical.cases",164,88.8480253580137
"THC",2020-12-22,"NML","Toronto","clinical.cases",208,76.5697931004884
"THC",2021-01-05,"NML","Toronto","clinical.cases",277,59.9111695213022
"THC",2021-01-06,"NML","Toronto","clinical.cases",280,NA
"THC",2021-01-07,"NML","Toronto","clinical.cases",433,215.215304272876
"THC",2021-01-10,"NML","Toronto","clinical.cases",182,NA
"THC",2021-01-12,"NML","Toronto","clinical.cases",281,7.40572838158178
"THC",2021-01-14,"NML","Toronto","clinical.cases",250,0.0105421686746988
"THC",2021-01-17,"NML","Toronto","clinical.cases",162,0.00961538461538462
"THC",2021-01-20,"NML","Toronto","clinical.cases",190,NA
"THC",2021-01-21,"NML","Toronto","clinical.cases",173,31.2278368169344
"THC",2021-01-24,"NML","Toronto","clinical.cases",175,91.4859607392934
"THC",2021-01-27,"NML","Toronto","clinical.cases",183,NA
"THC",2021-01-28,"NML","Toronto","clinical.cases",142,53.5899207199936
"THC",2021-01-31,"NML","Toronto","clinical.cases",133,149.759282571245
"THC",2021-02-02,"NML","Toronto","clinical.cases",147,54.1758097618302
"THC",2021-02-04,"NML","Toronto","clinical.cases",101,69.4661238241776
"THC",2021-02-07,"NML","Toronto","clinical.cases",124,34.4753668243706
"THC",2021-02-09,"NML","Toronto","clinical.cases",87,83.5686063606174
"THC",2021-02-11,"NML","Toronto","clinical.cases",88,117.225596476282
"THC",2021-02-16,"NML","Toronto","clinical.cases",85,70.9053266297507
"THC",2021-02-18,"NML","Toronto","clinical.cases",83,42.8889491952526
"THC",2021-02-22,"NML","Toronto","clinical.cases",69,NA
"THC",2021-02-23,"NML","Toronto","clinical.cases",96,112.740754681006
"THC",2021-02-25,"NML","Toronto","clinical.cases",104,102.622267542517
"THC",2021-02-28,"NML","Toronto","clinical.cases",95,NA
"THC",2021-03-02,"NML","Toronto","clinical.cases",80,84.3867270968195
"THC",2021-03-04,"NML","Toronto","clinical.cases",97,166.538624862831
"THC",2021-03-07,"NML","Toronto","clinical.cases",115,117.81164678667
"THC",2021-03-09,"NML","Toronto","clinical.cases",85,94.2534423239276
"THC",2021-03-11,"NML","Toronto","clinical.cases",77,224.951552373518
"THC",2021-03-14,"NML","Toronto","clinical.cases",93,152.001390981844
"THC",2021-03-16,"NML","Toronto","clinical.cases",93,93.9959930437756
"THC",2021-03-18,"NML","Toronto","clinical.cases",120,NA
"THC",2021-03-21,"NML","Toronto","clinical.cases",108,NA
"THC",2021-03-23,"NML","Toronto","clinical.cases",140,382.909959546827
"THC",2021-03-25,"NML","Toronto","clinical.cases",199,544.41638791466
"THC",2021-03-28,"NML","Toronto","clinical.cases",177,220.687838769864
"THC",2021-03-30,"NML","Toronto","clinical.cases",190,369.257579869296
"THC",2021-04-01,"NML","Toronto","clinical.cases",214,482.82026266917
"THC",2021-04-04,"NML","Toronto","clinical.cases",255,520.737978536882
"THC",2021-04-06,"NML","Toronto","clinical.cases",282,NA
"THC",2021-04-08,"NML","Toronto","clinical.cases",282,435.595438355833
"THC",2021-04-11,"NML","Toronto","clinical.cases",285,964.753127423397
"THC",2021-04-13,"NML","Toronto","clinical.cases",225,387.772435862917
"THC",2021-04-15,"NML","Toronto","clinical.cases",440,539.898259427898
"THC",2021-04-18,"NML","Toronto","clinical.cases",445,473.417985914642
"THC",2021-04-20,"NML","Toronto","clinical.cases",391,600.041520902218
"THC",2021-04-22,"NML","Toronto","clinical.cases",323,964.34748906609
"THC",2021-04-25,"NML","Toronto","clinical.cases",404,400.908649748113
"THC",2021-04-27,"NML","Toronto","clinical.cases",278,NA
"THC",2021-04-29,"NML","Toronto","clinical.cases",376,NA
"THC",2021-05-02,"NML","Toronto","clinical.cases",269,463.845103848941
"THC",2021-05-04,"NML","Toronto","clinical.cases",174,357.253220526828
"THC",2021-05-09,"NML","Toronto","clinical.cases",177,125.045844551763
"THC",2021-05-11,"NML","Toronto","clinical.cases",203,143.074425797162
"THC",2021-05-16,"NML","Toronto","clinical.cases",126,212.099327777123
"THC",2021-05-18,"NML","Toronto","clinical.cases",97,342.62233756248
"THC",2021-05-23,"NML","Toronto","clinical.cases",104,435.930874424743
"THC",2021-05-25,"NML","Toronto","clinical.cases",53,87.2680325393537
"THC",2021-05-30,"NML","Toronto","clinical.cases",48,87.1038022858431
"THC",2021-06-01,"NML","Toronto","clinical.cases",69,73.1502798742262
"THC",2021-06-06,"NML","Toronto","clinical.cases",22,NA
"THC",2021-06-10,"NML","Toronto","clinical.cases",20,NA
"THC",2021-06-13,"NML","Toronto","clinical.cases",29,21.5660773961476
"THC",2021-06-15,"NML","Toronto","clinical.cases",10,51.4647802352027
"THC",2021-06-20,"NML","Toronto","clinical.cases",4,NA
"THU",2020-09-28,"NML","Toronto","clinical.cases",65,35.506193059632
"THU",2020-10-05,"NML","Toronto","clinical.cases",64,51.2165415576256
"THU",2020-10-12,"NML","Toronto","clinical.cases",88,51.6960107236687
"THU",2020-10-18,"NML","Toronto","clinical.cases",113,167.162041844943
"THU",2020-10-25,"NML","Toronto","clinical.cases",124,115.759705574112
"THU",2020-10-29,"NML","Toronto","clinical.cases",117,136.527908795958
"THU",2020-11-02,"NML","Toronto","clinical.cases",141,221.924003349619
"THU",2020-11-05,"NML","Toronto","clinical.cases",144,83.2424414572519
"THU",2020-11-09,"NML","Toronto","clinical.cases",160,116.258954444639
"THU",2020-11-12,"NML","Toronto","clinical.cases",225,NA
"THU",2020-11-16,"NML","Toronto","clinical.cases",134,72.0953066260915
"THU",2020-11-19,"NML","Toronto","clinical.cases",143,74.7582716924534
"THU",2020-11-23,"NML","Toronto","clinical.cases",147,62.2372581495385
"THU",2020-11-26,"NML","Toronto","clinical.cases",222,163.431168419824
"THU",2020-11-30,"NML","Toronto","clinical.cases",176,71.9451631032943
"THU",2020-12-03,"NML","Toronto","clinical.cases",213,265.130614806778
"THU",2020-12-06,"NML","Toronto","clinical.cases",184,162.578501961556
"THU",2020-12-08,"NML","Toronto","clinical.cases",210,166.831636082571
"THU",2020-12-10,"NML","Toronto","clinical.cases",240,120.551953212126
"THU",2020-12-13,"NML","Toronto","clinical.cases",282,NA
"THU",2020-12-15,"NML","Toronto","clinical.cases",291,NA
"THU",2020-12-17,"NML","Toronto","clinical.cases",293,NA
"THU",2020-12-20,"NML","Toronto","clinical.cases",268,276.564658654088
"THU",2020-12-21,"NML","Toronto","clinical.cases",297,248.004384135427
"THU",2020-12-22,"NML","Toronto","clinical.cases",337,193.400251695452
"THU",2021-01-05,"NML","Toronto","clinical.cases",387,245.226435427617
"THU",2021-01-06,"NML","Toronto","clinical.cases",346,NA
"THU",2021-01-07,"NML","Toronto","clinical.cases",632,242.061739669001
"THU",2021-01-10,"NML","Toronto","clinical.cases",357,NA
"THU",2021-01-12,"NML","Toronto","clinical.cases",401,59.3288163474953
"THU",2021-01-14,"NML","Toronto","clinical.cases",350,572.422278885912
"THU",2021-01-17,"NML","Toronto","clinical.cases",200,210.622120293846
"THU",2021-01-21,"NML","Toronto","clinical.cases",236,123.169381345444
"THU",2021-01-24,"NML","Toronto","clinical.cases",237,36.099927003463
"THU",2021-01-28,"NML","Toronto","clinical.cases",245,158.97635771462
"THU",2021-01-31,"NML","Toronto","clinical.cases",214,360.478662316511
"THU",2021-02-02,"NML","Toronto","clinical.cases",186,231.786543771333
"THU",2021-02-04,"NML","Toronto","clinical.cases",189,129.207831412018
"THU",2021-02-07,"NML","Toronto","clinical.cases",174,134.839953357351
"THU",2021-02-09,"NML","Toronto","clinical.cases",193,177.547809000375
"THU",2021-02-11,"NML","Toronto","clinical.cases",183,384.680612482528
"THU",2021-02-14,"NML","Toronto","clinical.cases",133,80.2553678144652
"THU",2021-02-16,"NML","Toronto","clinical.cases",106,157.745295281366
"THU",2021-02-18,"NML","Toronto","clinical.cases",156,129.963302479576
"THU",2021-02-22,"NML","Toronto","clinical.cases",108,NA
"THU",2021-02-23,"NML","Toronto","clinical.cases",137,88.9087177961106
"THU",2021-02-25,"NML","Toronto","clinical.cases",126,135.887544018141
"THU",2021-02-28,"NML","Toronto","clinical.cases",107,176.217993958529
"THU",2021-03-02,"NML","Toronto","clinical.cases",122,79.7856754973141
"THU",2021-03-04,"NML","Toronto","clinical.cases",152,108.62347553965
"THU",2021-03-07,"NML","Toronto","clinical.cases",150,101.917984265737
"THU",2021-03-09,"NML","Toronto","clinical.cases",183,111.935678309905
"THU",2021-03-11,"NML","Toronto","clinical.cases",171,173.627562894184
"THU",2021-03-14,"NML","Toronto","clinical.cases",132,168.663364739278
"THU",2021-03-16,"NML","Toronto","clinical.cases",177,150.74380779295
"THU",2021-03-18,"NML","Toronto","clinical.cases",236,NA
"THU",2021-03-21,"NML","Toronto","clinical.cases",187,NA
"THU",2021-03-23,"NML","Toronto","clinical.cases",295,681.580734589743
"THU",2021-03-25,"NML","Toronto","clinical.cases",288,126.341151300072
"THU",2021-03-28,"NML","Toronto","clinical.cases",269,309.870252295225
"THU",2021-03-30,"NML","Toronto","clinical.cases",338,227.801223703779
"THU",2021-04-01,"NML","Toronto","clinical.cases",324,266.46236952072
"THU",2021-04-04,"NML","Toronto","clinical.cases",321,582.485953406865
"THU",2021-04-06,"NML","Toronto","clinical.cases",446,NA
"THU",2021-04-08,"NML","Toronto","clinical.cases",450,326.78518239293
"THU",2021-04-11,"NML","Toronto","clinical.cases",449,105.426425859992
"THU",2021-04-13,"NML","Toronto","clinical.cases",478,165.398107618148
"THU",2021-04-15,"NML","Toronto","clinical.cases",487,329.726792228044
"THU",2021-04-18,"NML","Toronto","clinical.cases",466,207.269383805352
"THU",2021-04-20,"NML","Toronto","clinical.cases",463,1598.48102211211
"THU",2021-04-22,"NML","Toronto","clinical.cases",522,753.120664377844
"THU",2021-04-25,"NML","Toronto","clinical.cases",460,2017.28089305272
"THU",2021-04-27,"NML","Toronto","clinical.cases",498,322.046678429572
"THU",2021-04-29,"NML","Toronto","clinical.cases",555,NA
"THU",2021-05-02,"NML","Toronto","clinical.cases",466,357.996803279027
"THU",2021-05-04,"NML","Toronto","clinical.cases",354,1175.77742261958
"THU",2021-05-09,"NML","Toronto","clinical.cases",289,313.263527314619
"THU",2021-05-11,"NML","Toronto","clinical.cases",272,206.910880759551
"THU",2021-05-16,"NML","Toronto","clinical.cases",204,155.344227697554
"THU",2021-05-18,"NML","Toronto","clinical.cases",201,360.462657242616
"THU",2021-05-23,"NML","Toronto","clinical.cases",148,38.2823538925935
"THU",2021-05-25,"NML","Toronto","clinical.cases",88,109.686343485858
"THU",2021-05-30,"NML","Toronto","clinical.cases",61,148.605555199546
"THU",2021-06-01,"NML","Toronto","clinical.cases",84,82.5222266242498
"THU",2021-06-06,"NML","Toronto","clinical.cases",62,NA
"THU",2021-06-10,"NML","Toronto","clinical.cases",31,NA
"THU",2021-06-13,"NML","Toronto","clinical.cases",42,57.518095718579
"THU",2021-06-15,"NML","Toronto","clinical.cases",27,60.3829889124398
"THU",2021-06-20,"NML","Toronto","clinical.cases",33,NA
"TNT",2020-09-28,"NML","Toronto","clinical.cases",40,5.11742326550271
"TNT",2020-10-05,"NML","Toronto","clinical.cases",30,62.0174394758575
"TNT",2020-10-12,"NML","Toronto","clinical.cases",34,11.0076197784002
"TNT",2020-10-18,"NML","Toronto","clinical.cases",64,159.285184644915
"TNT",2020-10-25,"NML","Toronto","clinical.cases",66,24.4744950857678
"TNT",2020-10-29,"NML","Toronto","clinical.cases",48,27.8401269804563
"TNT",2020-11-02,"NML","Toronto","clinical.cases",56,33.5650241150239
"TNT",2020-11-05,"NML","Toronto","clinical.cases",66,18.943016502094
"TNT",2020-11-09,"NML","Toronto","clinical.cases",67,0.0147887323943662
"TNT",2020-11-12,"NML","Toronto","clinical.cases",104,14.0567614396046
"TNT",2020-11-16,"NML","Toronto","clinical.cases",70,20.7872568409571
"TNT",2020-11-19,"NML","Toronto","clinical.cases",72,28.4826918822716
"TNT",2020-11-23,"NML","Toronto","clinical.cases",89,24.8324043341975
"TNT",2020-11-26,"NML","Toronto","clinical.cases",96,11.8864595678368
"TNT",2020-11-30,"NML","Toronto","clinical.cases",113,51.8781716398757
"TNT",2020-12-03,"NML","Toronto","clinical.cases",131,30.0147897912515
"TNT",2020-12-06,"NML","Toronto","clinical.cases",108,27.8064960575048
"TNT",2020-12-08,"NML","Toronto","clinical.cases",110,85.5356493444761
"TNT",2020-12-10,"NML","Toronto","clinical.cases",122,65.281862093377
"TNT",2020-12-13,"NML","Toronto","clinical.cases",115,NA
"TNT",2020-12-15,"NML","Toronto","clinical.cases",142,NA
"TNT",2020-12-17,"NML","Toronto","clinical.cases",148,NA
"TNT",2020-12-20,"NML","Toronto","clinical.cases",205,83.5082546257858
"TNT",2020-12-21,"NML","Toronto","clinical.cases",156,1331.09863053082
"TNT",2020-12-22,"NML","Toronto","clinical.cases",149,53.7326729910756
"TNT",2021-01-05,"NML","Toronto","clinical.cases",202,127.87672054189
"TNT",2021-01-06,"NML","Toronto","clinical.cases",194,NA
"TNT",2021-01-07,"NML","Toronto","clinical.cases",336,111.228857825473
"TNT",2021-01-10,"NML","Toronto","clinical.cases",134,NA
"TNT",2021-01-12,"NML","Toronto","clinical.cases",197,315.390656863387
"TNT",2021-01-14,"NML","Toronto","clinical.cases",178,116.733824575796
"TNT",2021-01-17,"NML","Toronto","clinical.cases",110,211.692203440651
"TNT",2021-01-21,"NML","Toronto","clinical.cases",111,8.7777832328906
"TNT",2021-01-22,"NML","Toronto","clinical.cases",142,NA
"TNT",2021-01-24,"NML","Toronto","clinical.cases",142,56.18537957005
"TNT",2021-01-28,"NML","Toronto","clinical.cases",104,145.683702495015
"TNT",2021-01-29,"NML","Toronto","clinical.cases",137,NA
"TNT",2021-01-31,"NML","Toronto","clinical.cases",124,67.9427087302224
"TNT",2021-02-02,"NML","Toronto","clinical.cases",122,114.487881982001
"TNT",2021-02-04,"NML","Toronto","clinical.cases",91,41.0090802222978
"TNT",2021-02-07,"NML","Toronto","clinical.cases",70,47.2084130323545
"TNT",2021-02-09,"NML","Toronto","clinical.cases",97,108.215128238543
"TNT",2021-02-11,"NML","Toronto","clinical.cases",87,90.01482154728
"TNT",2021-02-14,"NML","Toronto","clinical.cases",51,108.816284319067
"TNT",2021-02-16,"NML","Toronto","clinical.cases",60,69.9153889851522
"TNT",2021-02-18,"NML","Toronto","clinical.cases",55,36.3195846452278
"TNT",2021-02-22,"NML","Toronto","clinical.cases",54,NA
"TNT",2021-02-23,"NML","Toronto","clinical.cases",78,44.3979412228417
"TNT",2021-02-25,"NML","Toronto","clinical.cases",69,213.096078824689
"TNT",2021-02-28,"NML","Toronto","clinical.cases",74,36.805811063039
"TNT",2021-03-02,"NML","Toronto","clinical.cases",81,15.5314758660993
"TNT",2021-03-04,"NML","Toronto","clinical.cases",47,19.1696972086488
"TNT",2021-03-07,"NML","Toronto","clinical.cases",79,26.5960291632855
"TNT",2021-03-09,"NML","Toronto","clinical.cases",95,43.7737473353752
"TNT",2021-03-11,"NML","Toronto","clinical.cases",93,69.8351407693813
"TNT",2021-03-14,"NML","Toronto","clinical.cases",59,109.643166644093
"TNT",2021-03-16,"NML","Toronto","clinical.cases",100,133.37208981707
"TNT",2021-03-18,"NML","Toronto","clinical.cases",133,NA
"TNT",2021-03-21,"NML","Toronto","clinical.cases",128,NA
"TNT",2021-03-23,"NML","Toronto","clinical.cases",140,530.451658156856
"TNT",2021-03-25,"NML","Toronto","clinical.cases",164,316.096871879775
"TNT",2021-03-28,"NML","Toronto","clinical.cases",122,157.328195282407
"TNT",2021-03-30,"NML","Toronto","clinical.cases",203,168.166976064677
"TNT",2021-04-01,"NML","Toronto","clinical.cases",179,97.359757582208
"TNT",2021-04-04,"NML","Toronto","clinical.cases",197,335.985819990385
"TNT",2021-04-06,"NML","Toronto","clinical.cases",252,87.6266824557579
"TNT",2021-04-08,"NML","Toronto","clinical.cases",191,414.383279656072
"TNT",2021-04-11,"NML","Toronto","clinical.cases",205,180.32646435834
"TNT",2021-04-13,"NML","Toronto","clinical.cases",277,86.8894814888159
"TNT",2021-04-15,"NML","Toronto","clinical.cases",309,182.715520784875
"TNT",2021-04-18,"NML","Toronto","clinical.cases",281,101.343182877506
"TNT",2021-04-20,"NML","Toronto","clinical.cases",268,290.594208220385
"TNT",2021-04-22,"NML","Toronto","clinical.cases",277,386.164825297936
"TNT",2021-04-25,"NML","Toronto","clinical.cases",217,466.431172954723
"TNT",2021-04-27,"NML","Toronto","clinical.cases",229,222.614561652754
"TNT",2021-04-29,"NML","Toronto","clinical.cases",262,NA
"TNT",2021-05-02,"NML","Toronto","clinical.cases",223,92.0434572213754
"TNT",2021-05-04,"NML","Toronto","clinical.cases",194,177.156338071888
"TNT",2021-05-09,"NML","Toronto","clinical.cases",133,75.1329750314816
"TNT",2021-05-11,"NML","Toronto","clinical.cases",152,95.5563960284918
"TNT",2021-05-16,"NML","Toronto","clinical.cases",97,66.8413300260614
"TNT",2021-05-18,"NML","Toronto","clinical.cases",94,88.259544688041
"TNT",2021-05-23,"NML","Toronto","clinical.cases",61,21.0320350133356
"TNT",2021-05-25,"NML","Toronto","clinical.cases",44,38.8326659938176
"TNT",2021-05-30,"NML","Toronto","clinical.cases",37,11.6574326509926
"TNT",2021-06-01,"NML","Toronto","clinical.cases",36,30.066865671512
"TNT",2021-06-06,"NML","Toronto","clinical.cases",21,4.7270901011785
"TNT",2021-06-10,"NML","Toronto","clinical.cases",19,NA
"TNT",2021-06-13,"NML","Toronto","clinical.cases",15,11.3439476666513
"TNT",2021-06-15,"NML","Toronto","clinical.cases",12,0.0165094339622642
"TNT",2021-06-20,"NML","Toronto","clinical.cases",21,NA